configuration_id,LL_static_lambda1,LL_static_lambda2,LL_static_lda,LL_static_crossOverBias,seed,time,bound,solved
1,60,55,97,0.3468,976964627,300035,3e+05,0
2,66,69,8,0.4394,976964627,248927,3e+05,1
3,51,55,65,0.381,976964627,300086,3e+05,0
4,64,65,7,0.0757,976964627,207108,3e+05,1
5,94,88,40,0.2317,976964627,300098,3e+05,0
6,90,33,61,0.3601,976964627,300120,3e+05,0
7,5,98,98,0.0604,976964627,300085,3e+05,0
8,22,66,66,0.3745,976964627,300080,3e+05,0
9,25,72,91,0.3773,976964627,300021,3e+05,0
10,1,38,99,0.2747,976964627,300027,3e+05,0
11,20,68,35,0.2976,976964627,300071,3e+05,0
12,43,44,67,0.0502,976964627,283164,3e+05,1
13,100,19,37,0.2798,976964627,300113,3e+05,0
14,73,78,64,0.2003,976964627,300037,3e+05,0
15,63,73,47,0.1756,976964627,300109,3e+05,0
16,52,48,45,0.295,976964627,3e+05,3e+05,0
17,67,98,16,0.2984,976964627,300071,3e+05,0
18,64,28,55,0.2257,976964627,300012,3e+05,0
19,54,59,9,0.0732,976964627,185527,3e+05,1
20,24,67,28,0.1162,976964627,209893,3e+05,1
21,46,82,20,0.2694,976964627,300122,3e+05,0
22,29,84,70,0.0699,976964627,300038,3e+05,0
23,7,65,50,0.1586,976964627,300069,3e+05,0
24,2,34,6,0.2201,976964627,300003,3e+05,0
25,77,67,78,0.3588,976964627,300096,3e+05,0
26,100,18,54,0.4111,976964627,300074,3e+05,0
27,85,73,15,0.4566,976964627,300135,3e+05,0
28,64,47,23,0.3198,976964627,300070,3e+05,0
29,64,56,56,0.0885,976964627,300062,3e+05,0
30,26,28,44,0.1585,976964627,300045,3e+05,0
31,4,74,10,0.4752,976964627,300019,3e+05,0
32,10,56,37,0.1388,976964627,300013,3e+05,0
33,79,16,62,0.2324,976964627,300010,3e+05,0
34,67,67,75,0.3259,976964627,300026,3e+05,0
35,66,13,27,0.4398,976964627,300041,3e+05,0
36,1,75,41,0.0235,976964627,300020,3e+05,0
37,87,60,52,0.3735,976964627,300027,3e+05,0
38,15,73,25,0.112,976964627,207158,3e+05,1
39,78,25,94,0.289,976964627,300039,3e+05,0
40,18,35,68,0.3284,976964627,300033,3e+05,0
41,32,41,45,0.1315,976964627,3e+05,3e+05,0
42,62,54,84,0.1528,976964627,300092,3e+05,0
43,81,65,59,0.3657,976964627,300030,3e+05,0
44,88,99,17,0.3718,976964627,300176,3e+05,0
45,53,79,57,0.2046,976964627,300034,3e+05,0
46,64,35,21,0.2106,976964627,300053,3e+05,0
47,54,51,38,0.2443,976964627,300081,3e+05,0
48,20,60,2,0.0571,976964627,139235,3e+05,1
48,20,60,2,0.0571,1010701430,126209,3e+05,1
48,20,60,2,0.0571,917007886,130479,3e+05,1
48,20,60,2,0.0571,1673570350,126359,3e+05,1
48,20,60,2,0.0571,1511508930,127728,3e+05,1
48,20,60,2,0.0571,395064476,117998,3e+05,1
48,20,60,2,0.0571,2037563455,125182,3e+05,1
48,20,60,2,0.0571,1177142122,144597,3e+05,1
48,20,60,2,0.0571,976064959,146889,3e+05,1
48,20,60,2,0.0571,926352561,118738,3e+05,1
48,20,60,2,0.0571,1590962420,124707,3e+05,1
49,94,63,43,0.0654,976964627,300072,3e+05,0
50,74,44,1,0.4498,976964627,300044,3e+05,0
51,92,21,12,0.2086,976964627,248578,3e+05,1
52,63,13,32,0.027,976964627,290915,3e+05,1
53,44,71,52,0.2922,976964627,300035,3e+05,0
54,81,74,74,0.2779,976964627,300080,3e+05,0
55,68,31,88,0.1634,976964627,300069,3e+05,0
56,26,18,76,0.4821,976964627,300036,3e+05,0
57,52,84,94,0.4103,976964627,300016,3e+05,0
58,78,38,66,0.1832,976964627,300090,3e+05,0
59,73,58,25,0.2185,976964627,300075,3e+05,0
60,23,7,61,0.22,976964627,3e+05,3e+05,0
61,3,66,69,0.1025,976964627,300020,3e+05,0
62,13,74,19,0.1647,976964627,216234,3e+05,1
63,47,6,97,0.0317,976964627,300034,3e+05,0
64,73,28,97,0.1291,976964627,300071,3e+05,0
65,93,75,41,0.2226,976964627,300039,3e+05,0
66,32,44,10,0.2144,976964627,165415,3e+05,1
67,37,75,91,0.2938,976964627,300048,3e+05,0
68,3,25,68,0.2577,976964627,300020,3e+05,0
69,80,5,29,0.2976,976964627,300047,3e+05,0
70,56,98,86,0.1818,976964627,300146,3e+05,0
71,82,39,51,0.2486,976964627,300080,3e+05,0
72,19,75,39,0.0623,976964627,206649,3e+05,1
73,13,13,20,0.3791,976964627,300004,3e+05,0
74,77,48,8,0.3797,976964627,235991,3e+05,1
75,16,38,45,0.0323,976964627,137881,3e+05,1
75,16,38,45,0.0323,1010701430,148901,3e+05,1
75,16,38,45,0.0323,917007886,143603,3e+05,1
75,16,38,45,0.0323,1673570350,140131,3e+05,1
75,16,38,45,0.0323,1511508930,140558,3e+05,1
75,16,38,45,0.0323,395064476,141889,3e+05,1
75,16,38,45,0.0323,2037563455,151482,3e+05,1
75,16,38,45,0.0323,1177142122,141080,3e+05,1
75,16,38,45,0.0323,976064959,144240,3e+05,1
75,16,38,45,0.0323,926352561,150656,3e+05,1
76,58,7,82,0.3181,976964627,300040,3e+05,0
77,19,20,34,0.4903,976964627,300027,3e+05,0
78,77,13,28,0.121,976964627,300027,3e+05,0
79,68,69,72,0.4753,976964627,300030,3e+05,0
80,26,27,10,0.3414,976964627,186804,3e+05,1
81,49,5,76,0.1736,976964627,300024,3e+05,0
82,46,24,7,0.2393,976964627,158615,3e+05,1
83,85,18,31,0.4699,976964627,300039,3e+05,0
84,100,27,22,0.144,976964627,300065,3e+05,0
85,54,25,93,0.0105,976964627,278044,3e+05,1
86,12,80,72,0.2978,976964627,300012,3e+05,0
87,37,72,17,0.2519,976964627,266146,3e+05,1
88,47,82,27,0.3294,976964627,300035,3e+05,0
89,79,48,60,0.3444,976964627,300101,3e+05,0
90,26,40,13,0.205,976964627,156902,3e+05,1
91,65,22,43,0.3918,976964627,300063,3e+05,0
92,3,27,60,0.1116,976964627,300001,3e+05,0
93,48,41,55,0.1385,976964627,300056,3e+05,0
94,30,33,97,0.3549,976964627,300006,3e+05,0
95,3,25,69,0.3707,976964627,300020,3e+05,0
96,79,13,75,0.0862,976964627,300038,3e+05,0
97,44,5,58,0.1145,976964627,300044,3e+05,0
98,77,16,33,0.2517,976964627,300092,3e+05,0
99,85,36,55,0.1733,976964627,300072,3e+05,0
100,5,61,70,0.3686,976964627,300036,3e+05,0
101,88,86,26,0.3131,976964627,300104,3e+05,0
102,17,94,70,0.1356,976964627,300008,3e+05,0
103,86,96,67,0.2546,976964627,300118,3e+05,0
104,13,34,55,0.0462,976964627,179625,3e+05,1
105,4,40,62,0.1067,976964627,300012,3e+05,0
106,41,78,52,0.1385,976964627,300106,3e+05,0
107,44,35,19,0.3332,976964627,300016,3e+05,0
108,91,99,92,0.1168,976964627,300007,3e+05,0
109,68,73,1,0.3974,976964627,300034,3e+05,0
110,57,42,7,0.3141,976964627,207897,3e+05,1
111,20,59,34,0.4369,976964627,300042,3e+05,0
112,22,34,16,0.4362,976964627,300041,3e+05,0
113,50,15,25,0.3373,976964627,300026,3e+05,0
114,18,75,12,0.0234,976964627,119240,165539,1
114,18,75,12,0.0234,1010701430,113536,139840,1
114,18,75,12,0.0234,917007886,120865,176778,1
114,18,75,12,0.0234,1673570350,117549,212239,1
114,18,75,12,0.0234,1511508930,122465,135898,1
114,18,75,12,0.0234,395064476,117800,131431,1
114,18,75,12,0.0234,1177142122,127337,239287,1
114,18,75,12,0.0234,976064959,116922,202802,1
114,18,75,12,0.0234,926352561,121266,230688,1
114,18,75,12,0.0234,1590962420,116538,124708,1
115,42,66,36,0.0423,1590962420,124792,124708,0
116,15,62,14,0.0855,1590962420,124729,124708,0
117,36,71,6,0.0812,1590962420,124743,124708,0
118,36,59,4,0.0851,1590962420,124754,124708,0
119,2,72,5,0.1294,1590962420,124710,124708,0
120,8,77,4,0.0571,1590962420,124711,124708,0
121,10,58,12,0.0501,976964627,124292,166170,1
121,10,58,12,0.0501,1010701430,115175,141610,1
121,10,58,12,0.0501,917007886,118089,178876,1
121,10,58,12,0.0501,1673570350,122083,200485,1
121,10,58,12,0.0501,1511508930,119985,136082,1
121,10,58,12,0.0501,395064476,124313,132212,1
121,10,58,12,0.0501,1177142122,116991,225500,1
121,10,58,12,0.0501,976064959,123743,193578,1
121,10,58,12,0.0501,926352561,120879,224541,1
121,10,58,12,0.0501,1590962420,116354,124708,1
122,4,83,16,0.0998,1590962420,124778,124708,0
123,52,77,14,0.1009,1590962420,124726,124708,0
124,26,55,28,0.1234,1590962420,124721,124708,0
125,26,46,8,0.0823,1590962420,124748,124708,0
126,17,66,1,0.1208,1590962420,124726,124708,0
127,4,92,2,0.0595,1590962420,124708,124708,0
128,17,71,15,0.0648,1590962420,124749,124708,0
129,34,60,16,0.0641,1590962420,124744,124708,0
130,26,38,6,0.1039,1590962420,124741,124708,0
131,10,76,21,0.0568,1590962420,124720,124708,0
132,19,76,17,0.1255,1590962420,124745,124708,0
133,38,73,5,0.0583,1590962420,124756,124708,0
134,50,57,10,0.231,1590962420,124799,124708,0
135,6,58,20,0.0275,976964627,115624,293848,1
135,6,58,20,0.0275,1010701430,131162,154613,1
135,6,58,20,0.0275,917007886,118006,3e+05,1
135,6,58,20,0.0275,1673570350,126512,3e+05,1
135,6,58,20,0.0275,1511508930,116960,139163,1
135,6,58,20,0.0275,395064476,119868,142804,1
135,6,58,20,0.0275,1177142122,128483,3e+05,1
135,6,58,20,0.0275,976064959,117086,3e+05,1
135,6,58,20,0.0275,926352561,120436,3e+05,1
135,6,58,20,0.0275,1590962420,113273,124708,1
136,17,58,10,0.0546,1590962420,124724,124708,0
137,35,32,34,0.0221,1590962420,124726,124708,0
138,13,73,11,0.0767,1590962420,124726,124708,0
139,34,74,14,0.0806,1590962420,124736,124708,0
140,10,45,8,0.0652,976964627,108089,3e+05,1
140,10,45,8,0.0652,1010701430,105491,3e+05,1
140,10,45,8,0.0652,917007886,119347,3e+05,1
140,10,45,8,0.0652,1673570350,102017,3e+05,1
140,10,45,8,0.0652,1511508930,104786,143886,1
140,10,45,8,0.0652,395064476,111556,261884,1
140,10,45,8,0.0652,1177142122,110153,3e+05,1
140,10,45,8,0.0652,976064959,110038,3e+05,1
140,10,45,8,0.0652,926352561,102993,3e+05,1
140,10,45,8,0.0652,1590962420,108550,124708,1
141,16,53,17,0.061,1590962420,124746,124708,0
142,23,72,19,0.026,1590962420,124744,124708,0
143,22,58,15,0.0979,1590962420,124717,124708,0
144,9,69,17,0.0676,1590962420,124733,124708,0
145,24,59,17,0.1398,1590962420,124745,124708,0
146,22,47,26,0.0813,1590962420,124763,124708,0
147,5,73,5,0.0448,1010701430,137811,3e+05,1
147,5,73,5,0.0448,1511508930,123373,142929,1
147,5,73,5,0.0448,395064476,125994,260927,1
147,5,73,5,0.0448,1590962420,109507,124708,1
148,16,62,3,0.0637,1511508930,117841,134994,1
148,16,62,3,0.0637,395064476,140531,252992,1
148,16,62,3,0.0637,1590962420,117442,124708,1
149,37,68,15,0.1581,1590962420,124794,124708,0
150,12,58,28,0.1391,1590962420,124760,124708,0
151,14,33,10,0.0323,976964627,94979,3e+05,1
151,14,33,10,0.0323,1010701430,97301,3e+05,1
151,14,33,10,0.0323,917007886,95869,3e+05,1
151,14,33,10,0.0323,1673570350,99241,3e+05,1
151,14,33,10,0.0323,1511508930,95073,151303,1
151,14,33,10,0.0323,395064476,92114,269301,1
151,14,33,10,0.0323,2037563455,91317,3e+05,1
151,14,33,10,0.0323,1177142122,93213,3e+05,1
151,14,33,10,0.0323,976064959,93785,3e+05,1
151,14,33,10,0.0323,926352561,97905,3e+05,1
151,14,33,10,0.0323,1590962420,101133,124708,1
151,14,33,10,0.0323,1129705271,104856,3e+05,1
152,14,65,30,0.0417,1590962420,124744,124708,0
153,31,74,11,0.0552,1590962420,124773,124708,0
154,10,52,30,0.1106,1590962420,124727,124708,0
155,1,66,1,0.0668,1590962420,124709,124708,0
156,32,50,6,0.0629,1590962420,124710,124708,0
157,20,67,18,0.1598,1590962420,124765,124708,0
158,13,89,11,0.1844,1590962420,124785,124708,0
159,37,80,2,0.1296,1590962420,124741,124708,0
160,34,49,8,0.0727,1590962420,124742,124708,0
161,26,63,7,0.069,1590962420,124708,124708,0
162,37,55,9,0.0617,1590962420,124727,124708,0
163,32,47,3,0.083,1590962420,124746,124708,0
164,22,60,3,0.0954,1590962420,124712,124708,0
165,11,54,2,0.115,1590962420,124718,124708,0
166,24,57,31,0.1883,1590962420,124723,124708,0
167,30,83,2,0.0294,1590962420,124722,124708,0
168,28,58,3,0.1498,1590962420,124758,124708,0
169,14,51,17,0.04,976964627,123800,3e+05,1
169,14,51,17,0.04,1010701430,119726,3e+05,1
169,14,51,17,0.04,917007886,121724,3e+05,1
169,14,51,17,0.04,1673570350,117721,3e+05,1
169,14,51,17,0.04,1511508930,121868,130538,1
169,14,51,17,0.04,395064476,116811,248536,1
169,14,51,17,0.04,1177142122,123084,3e+05,1
169,14,51,17,0.04,976064959,118295,3e+05,1
169,14,51,17,0.04,926352561,118250,3e+05,1
169,14,51,17,0.04,1590962420,121898,124708,1
170,26,60,7,0.0896,1590962420,124722,124708,0
171,29,53,1,0.1369,1590962420,124721,124708,0
172,25,55,30,0.108,1590962420,124765,124708,0
173,14,38,13,0.056,976964627,112292,3e+05,1
173,14,38,13,0.056,1010701430,114675,3e+05,1
173,14,38,13,0.056,917007886,107405,3e+05,1
173,14,38,13,0.056,1673570350,110050,3e+05,1
173,14,38,13,0.056,1511508930,108066,142670,1
173,14,38,13,0.056,395064476,108734,260668,1
173,14,38,13,0.056,1177142122,108253,3e+05,1
173,14,38,13,0.056,976064959,112458,3e+05,1
173,14,38,13,0.056,926352561,109677,3e+05,1
173,14,38,13,0.056,1590962420,109766,124708,1
174,11,41,11,0.0873,976964627,117773,3e+05,1
174,11,41,11,0.0873,1010701430,121149,3e+05,1
174,11,41,11,0.0873,917007886,132187,3e+05,1
174,11,41,11,0.0873,1673570350,119582,3e+05,1
174,11,41,11,0.0873,1511508930,120120,129300,1
174,11,41,11,0.0873,395064476,115639,247298,1
174,11,41,11,0.0873,1177142122,119697,3e+05,1
174,11,41,11,0.0873,976064959,119452,3e+05,1
174,11,41,11,0.0873,926352561,118849,3e+05,1
174,11,41,11,0.0873,1590962420,123136,124708,1
175,28,68,4,0.0657,1590962420,124733,124708,0
176,14,67,15,0.0405,1590962420,124740,124708,0
177,40,17,17,0.0863,1590962420,124721,124708,0
178,38,49,11,0.13,1590962420,124748,124708,0
179,45,57,19,0.0341,1590962420,124760,124708,0
180,28,53,9,0.1525,1590962420,124715,124708,0
181,24,87,13,0.1428,1590962420,124714,124708,0
182,24,82,4,0.1763,1590962420,124741,124708,0
183,25,66,3,0.0143,1590962420,124719,124708,0
184,17,49,25,0.0752,1590962420,124724,124708,0
185,28,56,11,0.0787,1590962420,124727,124708,0
186,8,60,9,0.1855,1590962420,124710,124708,0
187,11,62,16,0.0706,1590962420,124709,124708,0
188,16,71,29,0.0803,1590962420,124777,124708,0
189,22,61,1,0.0603,1590962420,124728,124708,0
190,22,53,1,0.1551,1590962420,124713,124708,0
191,26,45,10,0.0394,1511508930,122725,128406,1
191,26,45,10,0.0394,395064476,131708,246404,1
191,26,45,10,0.0394,1590962420,124030,124708,1
192,28,52,12,0.0711,1590962420,124745,124708,0
193,11,37,28,0.0766,1590962420,124712,124708,0
194,8,67,3,0.0229,976964627,89625,3e+05,1
194,8,67,3,0.0229,1010701430,101585,3e+05,1
194,8,67,3,0.0229,917007886,86514,3e+05,1
194,8,67,3,0.0229,1673570350,96436,3e+05,1
194,8,67,3,0.0229,1511508930,83914,157367,1
194,8,67,3,0.0229,395064476,105954,275365,1
194,8,67,3,0.0229,2037563455,90807,3e+05,1
194,8,67,3,0.0229,1177142122,101035,3e+05,1
194,8,67,3,0.0229,976064959,87300,3e+05,1
194,8,67,3,0.0229,926352561,99074,3e+05,1
194,8,67,3,0.0229,1590962420,95069,124708,1
194,8,67,3,0.0229,1129705271,92217,3e+05,1
195,15,34,15,0.0242,976964627,104242,3e+05,1
195,15,34,15,0.0242,1010701430,101436,3e+05,1
195,15,34,15,0.0242,917007886,101060,3e+05,1
195,15,34,15,0.0242,1673570350,105579,3e+05,1
195,15,34,15,0.0242,1511508930,99401,154140,1
195,15,34,15,0.0242,395064476,99043,272138,1
195,15,34,15,0.0242,1177142122,100615,3e+05,1
195,15,34,15,0.0242,976064959,101723,3e+05,1
195,15,34,15,0.0242,926352561,104029,3e+05,1
195,15,34,15,0.0242,1590962420,98296,124708,1
196,28,45,11,0.0499,1590962420,124717,124708,0
197,7,54,24,0.0239,976964627,113391,3e+05,1
197,7,54,24,0.0239,1010701430,113486,3e+05,1
197,7,54,24,0.0239,917007886,113954,3e+05,1
197,7,54,24,0.0239,1673570350,117463,3e+05,1
197,7,54,24,0.0239,1511508930,125006,140420,1
197,7,54,24,0.0239,395064476,115615,258418,1
197,7,54,24,0.0239,1177142122,112170,3e+05,1
197,7,54,24,0.0239,976064959,118742,3e+05,1
197,7,54,24,0.0239,926352561,116338,3e+05,1
197,7,54,24,0.0239,1590962420,112016,124708,1
198,30,97,25,0.0195,1590962420,124709,124708,0
199,12,61,22,0.0612,1590962420,124749,124708,0
200,7,56,28,0.0534,1590962420,124733,124708,0
201,36,37,23,0.0553,1590962420,124734,124708,0
202,3,84,1,0.0639,1590962420,124709,124708,0
203,31,71,21,0.048,1590962420,124725,124708,0
204,16,51,17,0.1134,1590962420,124739,124708,0
205,31,42,21,0.0679,1590962420,124767,124708,0
206,8,55,12,0.1666,1590962420,124743,124708,0
207,11,79,38,0.0831,1590962420,124723,124708,0
208,21,52,16,0.0293,1590962420,124738,124708,0
209,8,89,1,0.1837,1590962420,124714,124708,0
210,6,68,7,0.079,1590962420,124712,124708,0
211,28,59,28,0.2062,1590962420,124758,124708,0
212,11,60,7,0.1061,1590962420,124749,124708,0
213,5,41,2,0.0576,976964627,93693,3e+05,1
213,5,41,2,0.0576,1010701430,101419,3e+05,1
213,5,41,2,0.0576,917007886,106581,3e+05,1
213,5,41,2,0.0576,1673570350,148608,3e+05,1
213,5,41,2,0.0576,1511508930,133464,154681,1
213,5,41,2,0.0576,395064476,102073,272679,1
213,5,41,2,0.0576,2037563455,140712,3e+05,1
213,5,41,2,0.0576,1177142122,101792,3e+05,1
213,5,41,2,0.0576,976064959,106572,3e+05,1
213,5,41,2,0.0576,926352561,96326,3e+05,1
213,5,41,2,0.0576,1590962420,97755,124708,1
214,11,59,3,0.1535,1590962420,124723,124708,0
215,24,89,10,0.0555,1590962420,124751,124708,0
216,17,35,8,0.0829,976964627,115505,3e+05,1
216,17,35,8,0.0829,1010701430,112816,3e+05,1
216,17,35,8,0.0829,917007886,105691,3e+05,1
216,17,35,8,0.0829,1673570350,110481,3e+05,1
216,17,35,8,0.0829,1511508930,119642,143534,1
216,17,35,8,0.0829,395064476,112809,261532,1
216,17,35,8,0.0829,1177142122,119433,3e+05,1
216,17,35,8,0.0829,976064959,109423,3e+05,1
216,17,35,8,0.0829,926352561,116761,3e+05,1
216,17,35,8,0.0829,1590962420,108902,124708,1
217,33,65,10,0.0436,1590962420,124725,124708,0
218,47,74,1,0.0643,1590962420,124764,124708,0
219,7,31,16,0.1744,1590962420,124734,124708,0
220,7,77,17,0.1669,1590962420,124770,124708,0
221,9,50,12,0.0492,976964627,110843,3e+05,1
221,9,50,12,0.0492,1010701430,110390,3e+05,1
221,9,50,12,0.0492,917007886,107886,3e+05,1
221,9,50,12,0.0492,1673570350,113820,3e+05,1
221,9,50,12,0.0492,1511508930,110202,141719,1
221,9,50,12,0.0492,395064476,110947,259717,1
221,9,50,12,0.0492,1177142122,108734,3e+05,1
221,9,50,12,0.0492,976064959,113846,3e+05,1
221,9,50,12,0.0492,926352561,111142,3e+05,1
221,9,50,12,0.0492,1590962420,110717,124708,1
222,49,71,29,0.0155,1590962420,124762,124708,0
223,31,62,9,0.0929,1590962420,124734,124708,0
224,19,94,11,0.1675,1590962420,124752,124708,0
225,40,34,5,0.0745,1590962420,124713,124708,0
226,24,78,13,0.1198,1590962420,124723,124708,0
227,15,65,2,0.028,976964627,113619,3e+05,1
227,15,65,2,0.028,1010701430,108575,3e+05,1
227,15,65,2,0.028,917007886,123216,3e+05,1
227,15,65,2,0.028,1673570350,120067,3e+05,1
227,15,65,2,0.028,1511508930,118318,133238,1
227,15,65,2,0.028,395064476,118891,251236,1
227,15,65,2,0.028,1177142122,126722,3e+05,1
227,15,65,2,0.028,976064959,125161,3e+05,1
227,15,65,2,0.028,926352561,105260,3e+05,1
227,15,65,2,0.028,1590962420,119198,124708,1
228,35,58,19,0.1959,1590962420,124777,124708,0
229,40,79,30,0.1626,1590962420,124741,124708,0
230,45,54,11,0.0938,1590962420,124768,124708,0
231,28,50,10,0.0857,1590962420,124723,124708,0
232,8,31,1,0.0704,976964627,114682,3e+05,1
232,8,31,1,0.0704,1010701430,132094,3e+05,1
232,8,31,1,0.0704,917007886,112799,3e+05,1
232,8,31,1,0.0704,1673570350,111167,3e+05,1
232,8,31,1,0.0704,1511508930,117942,151532,1
232,8,31,1,0.0704,395064476,98689,269530,1
232,8,31,1,0.0704,1177142122,110226,3e+05,1
232,8,31,1,0.0704,976064959,135635,3e+05,1
232,8,31,1,0.0704,926352561,116535,3e+05,1
232,8,31,1,0.0704,1590962420,100904,124708,1
233,23,64,2,0.1015,1590962420,124740,124708,0
234,44,77,3,0.0514,1590962420,124743,124708,0
235,17,45,16,0.1113,1590962420,124731,124708,0
236,21,42,8,0.14,1590962420,124717,124708,0
237,7,67,16,0.0167,976964627,100264,3e+05,1
237,7,67,16,0.0167,1010701430,97103,3e+05,1
237,7,67,16,0.0167,917007886,100066,3e+05,1
237,7,67,16,0.0167,1673570350,93632,3e+05,1
237,7,67,16,0.0167,1511508930,101908,142014,1
237,7,67,16,0.0167,395064476,96959,260012,1
237,7,67,16,0.0167,2037563455,95279,3e+05,1
237,7,67,16,0.0167,1177142122,107302,3e+05,1
237,7,67,16,0.0167,976064959,99437,3e+05,1
237,7,67,16,0.0167,926352561,98011,3e+05,1
237,7,67,16,0.0167,1590962420,110422,124708,1
238,8,83,1,0.0102,1590962420,124715,124708,0
239,25,57,7,0.0258,976964627,118623,3e+05,1
239,25,57,7,0.0258,1010701430,122065,3e+05,1
239,25,57,7,0.0258,917007886,122075,3e+05,1
239,25,57,7,0.0258,1673570350,120968,3e+05,1
239,25,57,7,0.0258,1511508930,126613,133054,1
239,25,57,7,0.0258,395064476,120803,251052,1
239,25,57,7,0.0258,1177142122,114860,3e+05,1
239,25,57,7,0.0258,976064959,122921,3e+05,1
239,25,57,7,0.0258,926352561,120885,3e+05,1
239,25,57,7,0.0258,1590962420,119382,124708,1
240,17,71,11,0.0257,976964627,115029,3e+05,1
240,17,71,11,0.0257,1010701430,125823,3e+05,1
240,17,71,11,0.0257,917007886,113831,3e+05,1
240,17,71,11,0.0257,1673570350,114529,3e+05,1
240,17,71,11,0.0257,1511508930,114357,131852,1
240,17,71,11,0.0257,395064476,114400,249850,1
240,17,71,11,0.0257,1177142122,119170,3e+05,1
240,17,71,11,0.0257,976064959,114081,3e+05,1
240,17,71,11,0.0257,926352561,115020,3e+05,1
240,17,71,11,0.0257,1590962420,120584,124708,1
241,8,86,3,0.1453,1590962420,124714,124708,0
242,1,20,21,0.1016,1590962420,124710,124708,0
243,32,45,19,0.012,1590962420,124744,124708,0
244,24,60,9,0.0147,976964627,122524,3e+05,1
244,24,60,9,0.0147,1010701430,120473,3e+05,1
244,24,60,9,0.0147,917007886,121356,3e+05,1
244,24,60,9,0.0147,1673570350,126514,3e+05,1
244,24,60,9,0.0147,1511508930,115111,131801,1
244,24,60,9,0.0147,395064476,123761,249799,1
244,24,60,9,0.0147,1177142122,125123,3e+05,1
244,24,60,9,0.0147,976064959,116833,3e+05,1
244,24,60,9,0.0147,926352561,118131,3e+05,1
244,24,60,9,0.0147,1590962420,120635,124708,1
245,47,55,11,0.024,1590962420,124720,124708,0
246,11,73,22,0.1093,1590962420,124774,124708,0
247,24,57,12,0.1335,1590962420,124774,124708,0
248,45,43,6,0.0971,1590962420,124740,124708,0
249,10,73,4,0.0261,1129705271,98547,98537,0
250,24,32,9,0.0185,1129705271,98553,98537,0
251,14,32,13,0.0287,395064476,101564,102011,1
251,14,32,13,0.0287,1177142122,96420,105246,1
251,14,32,13,0.0287,926352561,104357,112276,1
251,14,32,13,0.0287,1129705271,95560,98537,1
252,3,66,8,0.039,1129705271,98548,98537,0
253,11,67,3,0.0457,1129705271,98544,98537,0
254,7,61,8,0.0422,1129705271,98558,98537,0
255,15,25,7,0.0284,395064476,102567,102565,0
255,15,25,7,0.0284,1129705271,95006,98537,1
256,9,33,15,0.0206,976964627,88829,120121,1
256,9,33,15,0.0206,917007886,91551,118059,1
256,9,33,15,0.0206,395064476,93889,105535,1
256,9,33,15,0.0206,2037563455,86311,116393,1
256,9,33,15,0.0206,1177142122,86210,112470,1
256,9,33,15,0.0206,976064959,103006,102994,0
256,9,33,15,0.0206,926352561,89840,112601,1
256,9,33,15,0.0206,1590962420,99957,112030,1
256,9,33,15,0.0206,1129705271,92036,98537,1
257,14,29,11,0.0841,1129705271,98549,98537,0
258,6,67,7,0.0189,976964627,86363,123593,1
258,6,67,7,0.0189,917007886,81188,105668,1
258,6,67,7,0.0189,395064476,98173,113562,1
258,6,67,7,0.0189,2037563455,83926,119024,1
258,6,67,7,0.0189,1177142122,91460,115375,1
258,6,67,7,0.0189,976064959,104969,104964,0
258,6,67,7,0.0189,926352561,88763,117708,1
258,6,67,7,0.0189,1590962420,79898,123896,1
258,6,67,7,0.0189,1129705271,84009,98537,1
259,11,69,4,0.0251,395064476,98818,105296,1
259,11,69,4,0.0251,1177142122,92913,103314,1
259,11,69,4,0.0251,926352561,93203,114856,1
259,11,69,4,0.0251,1590962420,99283,99283,0
259,11,69,4,0.0251,1129705271,92275,98537,1
260,4,71,3,0.0556,1129705271,98549,98537,0
261,20,28,2,0.0531,1129705271,98537,98537,0
262,4,64,4,0.0195,395064476,95005,99423,1
262,4,64,4,0.0195,1177142122,93235,110420,1
262,4,64,4,0.0195,926352561,81765,98490,1
262,4,64,4,0.0195,1590962420,98104,98101,0
262,4,64,4,0.0195,1129705271,98148,98537,1
263,13,70,1,0.025,1129705271,98543,98537,0
264,10,69,3,0.0395,395064476,103771,103758,0
264,10,69,3,0.0395,1129705271,93813,98537,1
265,16,33,11,0.0429,1129705271,98542,98537,0
266,11,34,17,0.0125,1129705271,98555,98537,0
267,9,65,3,0.0343,976964627,102750,118582,1
267,9,65,3,0.0343,395064476,90189,107039,1
267,9,65,3,0.0343,1177142122,103347,121212,1
267,9,65,3,0.0343,926352561,92062,112850,1
267,9,65,3,0.0343,1590962420,106583,122507,1
267,9,65,3,0.0343,1129705271,90532,98537,1
268,9,64,4,0.0393,1129705271,98541,98537,0
269,10,28,13,0.0364,976964627,92435,117936,1
269,10,28,13,0.0364,1010701430,92942,110424,1
269,10,28,13,0.0364,917007886,92560,116042,1
269,10,28,13,0.0364,395064476,92105,104112,1
269,10,28,13,0.0364,2037563455,88605,119344,1
269,10,28,13,0.0364,1177142122,88878,108267,1
269,10,28,13,0.0364,976064959,87275,116950,1
269,10,28,13,0.0364,926352561,91335,108891,1
269,10,28,13,0.0364,1590962420,101055,111648,1
269,10,28,13,0.0364,1129705271,93459,98537,1
270,13,68,5,0.0435,1129705271,98550,98537,0
271,10,76,3,0.0631,1129705271,98552,98537,0
272,12,66,8,0.056,1129705271,98543,98537,0
273,8,67,1,0.0187,1129705271,98542,98537,0
274,5,69,3,0.0558,1129705271,98541,98537,0
275,9,64,2,0.0402,1129705271,98544,98537,0
276,12,60,4,0.0288,976964627,103378,103370,0
276,12,60,4,0.0288,395064476,95311,105001,1
276,12,60,4,0.0288,1177142122,98359,110569,1
276,12,60,4,0.0288,926352561,98672,124483,1
276,12,60,4,0.0288,1590962420,96117,114857,1
276,12,60,4,0.0288,1129705271,92570,98537,1
277,11,25,3,0.0254,1129705271,98538,98537,0
278,10,29,24,0.0161,1129705271,98547,98537,0
279,11,68,10,0.0261,1129705271,98548,98537,0
280,11,64,10,0.0206,1129705271,98563,98537,0
281,11,65,5,0.0613,1129705271,98540,98537,0
282,6,68,6,0.0334,1129705271,98556,98537,0
283,10,29,4,0.0129,1129705271,98542,98537,0
284,3,66,2,0.051,1129705271,98549,98537,0
285,8,73,5,0.0162,395064476,99106,108496,1
285,8,73,5,0.0162,1177142122,107623,107613,0
285,8,73,5,0.0162,1129705271,89075,98537,1
286,9,66,5,0.0323,395064476,101480,101474,0
286,9,66,5,0.0323,1129705271,96097,98537,1
287,14,59,1,0.0342,1129705271,98545,98537,0
288,11,69,2,0.031,395064476,100588,100584,0
288,11,69,2,0.031,1129705271,96987,98537,1
289,9,37,6,0.0225,976964627,93037,3e+05,1
289,9,37,6,0.0225,1010701430,97249,3e+05,1
289,9,37,6,0.0225,917007886,84931,3e+05,1
289,9,37,6,0.0225,1673570350,88373,3e+05,1
289,9,37,6,0.0225,1511508930,82046,3e+05,1
289,9,37,6,0.0225,395064476,86127,100584,1
289,9,37,6,0.0225,2037563455,90154,3e+05,1
289,9,37,6,0.0225,1177142122,96157,114086,1
289,9,37,6,0.0225,976064959,87060,3e+05,1
289,9,37,6,0.0225,926352561,81098,119444,1
289,9,37,6,0.0225,1590962420,84211,217545,1
289,9,37,6,0.0225,1129705271,96987,98537,1
290,23,31,6,0.0234,1129705271,98548,98537,0
291,8,71,2,0.0227,1129705271,98544,98537,0
292,9,63,4,0.0394,1129705271,98537,98537,0
293,19,34,9,0.0406,1129705271,98564,98537,0
294,10,30,7,0.0424,976964627,91510,3e+05,1
294,10,30,7,0.0424,1010701430,81464,3e+05,1
294,10,30,7,0.0424,917007886,87894,3e+05,1
294,10,30,7,0.0424,1673570350,93479,3e+05,1
294,10,30,7,0.0424,1511508930,99231,3e+05,1
294,10,30,7,0.0424,395064476,88348,116642,1
294,10,30,7,0.0424,2037563455,84871,3e+05,1
294,10,30,7,0.0424,1177142122,86948,121658,1
294,10,30,7,0.0424,976064959,90704,3e+05,1
294,10,30,7,0.0424,926352561,91913,220148,1
294,10,30,7,0.0424,1590962420,85069,3e+05,1
294,10,30,7,0.0424,1129705271,80929,98537,1
295,9,73,3,0.0331,395064476,92421,102797,1
295,9,73,3,0.0331,1177142122,100507,104705,1
295,9,73,3,0.0331,926352561,113674,203195,1
295,9,73,3,0.0331,1129705271,94774,98537,1
296,8,69,3,0.0421,1129705271,98539,98537,0
297,12,27,12,0.0125,1129705271,98542,98537,0
298,13,27,9,0.0321,976964627,94790,3e+05,1
298,13,27,9,0.0321,1010701430,101384,3e+05,1
298,13,27,9,0.0321,917007886,89210,3e+05,1
298,13,27,9,0.0321,395064476,97885,107926,1
298,13,27,9,0.0321,2037563455,95490,3e+05,1
298,13,27,9,0.0321,1177142122,97977,105628,1
298,13,27,9,0.0321,976064959,96741,3e+05,1
298,13,27,9,0.0321,926352561,98566,204118,1
298,13,27,9,0.0321,1590962420,92605,3e+05,1
298,13,27,9,0.0321,1129705271,89645,98537,1
299,11,57,2,0.0467,1129705271,98552,98537,0
300,7,68,2,0.0348,395064476,100493,100902,1
300,7,68,2,0.0348,1177142122,111603,111599,0
300,7,68,2,0.0348,1129705271,96669,98537,1
301,7,63,5,0.064,1129705271,98546,98537,0
302,8,80,5,0.0167,976964627,82633,3e+05,1
302,8,80,5,0.0167,1010701430,85685,3e+05,1
302,8,80,5,0.0167,917007886,84043,3e+05,1
302,8,80,5,0.0167,1673570350,85336,3e+05,1
302,8,80,5,0.0167,1511508930,85413,3e+05,1
302,8,80,5,0.0167,395064476,82951,113143,1
302,8,80,5,0.0167,2037563455,92490,3e+05,1
302,8,80,5,0.0167,1177142122,83061,118346,1
302,8,80,5,0.0167,976064959,79690,3e+05,1
302,8,80,5,0.0167,926352561,88020,216836,1
302,8,80,5,0.0167,1590962420,84859,3e+05,1
302,8,80,5,0.0167,1129705271,84428,98537,1
302,8,80,5,0.0167,633393695,86713,3e+05,1
302,8,80,5,0.0167,1308842760,88718,3e+05,1
302,8,80,5,0.0167,1765008485,92461,3e+05,1
303,12,60,8,0.0312,395064476,96815,100362,1
303,12,60,8,0.0312,1177142122,95787,197486,1
303,12,60,8,0.0312,926352561,109388,295976,1
303,12,60,8,0.0312,1129705271,97209,98537,1
304,15,37,13,0.0556,1129705271,98539,98537,0
305,14,74,6,0.0353,1129705271,98549,98537,0
306,8,73,9,0.0207,976964627,95631,3e+05,1
306,8,73,9,0.0207,1010701430,109939,3e+05,1
306,8,73,9,0.0207,917007886,105608,3e+05,1
306,8,73,9,0.0207,395064476,92969,102726,1
306,8,73,9,0.0207,2037563455,89525,3e+05,1
306,8,73,9,0.0207,1177142122,91637,199850,1
306,8,73,9,0.0207,976064959,92252,3e+05,1
306,8,73,9,0.0207,926352561,90634,298340,1
306,8,73,9,0.0207,1590962420,93449,3e+05,1
306,8,73,9,0.0207,1129705271,94845,98537,1
307,11,72,1,0.0311,1129705271,98547,98537,0
308,18,30,7,0.0208,1129705271,98547,98537,0
309,18,37,9,0.0306,1129705271,98563,98537,0
310,5,61,1,0.0165,1129705271,98541,98537,0
311,8,67,8,0.0451,1129705271,98545,98537,0
312,21,70,10,0.0102,1129705271,98540,98537,0
313,7,67,1,0.0406,1129705271,98543,98537,0
314,28,39,9,0.0306,1129705271,98560,98537,0
315,8,33,10,0.0642,395064476,98119,103913,1
315,8,33,10,0.0642,1177142122,113615,201037,1
315,8,33,10,0.0642,1129705271,93658,98537,1
316,15,30,6,0.0303,395064476,97491,101411,1
316,15,30,6,0.0303,1177142122,106852,198535,1
316,15,30,6,0.0303,1129705271,96160,98537,1
317,13,68,7,0.0435,1129705271,98547,98537,0
318,10,66,3,0.0313,1129705271,98548,98537,0
319,14,33,19,0.0497,1129705271,98539,98537,0
320,16,33,4,0.021,1129705271,98549,98537,0
321,9,73,2,0.0387,1129705271,98546,98537,0
322,10,31,10,0.0502,976964627,102910,3e+05,1
322,10,31,10,0.0502,1010701430,96499,3e+05,1
322,10,31,10,0.0502,917007886,99495,3e+05,1
322,10,31,10,0.0502,395064476,92486,105868,1
322,10,31,10,0.0502,2037563455,94276,3e+05,1
322,10,31,10,0.0502,1177142122,87613,202992,1
322,10,31,10,0.0502,976064959,89470,3e+05,1
322,10,31,10,0.0502,926352561,94267,3e+05,1
322,10,31,10,0.0502,1590962420,100363,3e+05,1
322,10,31,10,0.0502,1129705271,91703,98537,1
323,15,33,11,0.0567,395064476,99311,99307,0
323,15,33,11,0.0567,1129705271,98264,98537,1
324,10,67,1,0.0302,1129705271,98546,98537,0
325,9,68,3,0.029,976964627,113861,3e+05,1
325,9,68,3,0.029,395064476,103607,105545,1
325,9,68,3,0.029,1177142122,97866,202669,1
325,9,68,3,0.029,926352561,93439,3e+05,1
325,9,68,3,0.029,1590962420,96716,3e+05,1
325,9,68,3,0.029,1129705271,92026,98537,1
326,5,65,3,0.0481,1129705271,98549,98537,0
327,21,38,1,0.0436,1129705271,98551,98537,0
328,7,75,4,0.0425,1129705271,98544,98537,0
329,6,68,5,0.028,1129705271,98549,98537,0
330,10,66,11,0.0416,1129705271,98552,98537,0
331,3,66,3,0.0258,1129705271,98544,98537,0
332,4,67,7,0.0356,1129705271,98551,98537,0
333,16,35,6,0.0318,395064476,103207,103193,0
333,16,35,6,0.0318,1129705271,94378,98537,1
334,6,66,6,0.0226,976964627,89700,3e+05,1
334,6,66,6,0.0226,1010701430,85965,3e+05,1
334,6,66,6,0.0226,917007886,91247,3e+05,1
334,6,66,6,0.0226,395064476,91556,112048,1
334,6,66,6,0.0226,2037563455,104547,3e+05,1
334,6,66,6,0.0226,1177142122,84729,209172,1
334,6,66,6,0.0226,976064959,99725,3e+05,1
334,6,66,6,0.0226,926352561,86720,3e+05,1
334,6,66,6,0.0226,1590962420,89938,3e+05,1
334,6,66,6,0.0226,1129705271,85523,98537,1
335,18,33,14,0.0396,1129705271,98558,98537,0
336,15,27,16,0.0301,1129705271,98546,98537,0
337,6,68,3,0.0249,395064476,105442,105434,0
337,6,68,3,0.0249,1129705271,92137,98537,1
338,16,36,9,0.0178,1129705271,98546,98537,0
339,6,62,4,0.0423,395064476,89068,102770,1
339,6,62,4,0.0423,1177142122,111382,199894,1
339,6,62,4,0.0423,1129705271,94801,98537,1
340,7,39,9,0.0553,1129705271,98540,98537,0
341,11,36,8,0.0378,976964627,94061,3e+05,1
341,11,36,8,0.0378,1010701430,86590,3e+05,1
341,11,36,8,0.0378,917007886,90531,3e+05,1
341,11,36,8,0.0378,395064476,89892,105440,1
341,11,36,8,0.0378,2037563455,90191,3e+05,1
341,11,36,8,0.0378,1177142122,91588,202564,1
341,11,36,8,0.0378,976064959,87950,3e+05,1
341,11,36,8,0.0378,926352561,88444,3e+05,1
341,11,36,8,0.0378,1590962420,95563,3e+05,1
341,11,36,8,0.0378,1129705271,92131,98537,1
342,5,64,15,0.0415,1129705271,98562,98537,0
343,5,72,5,0.0188,976964627,92854,3e+05,1
343,5,72,5,0.0188,1010701430,86660,3e+05,1
343,5,72,5,0.0188,917007886,87525,3e+05,1
343,5,72,5,0.0188,395064476,92001,102168,1
343,5,72,5,0.0188,2037563455,89957,3e+05,1
343,5,72,5,0.0188,1177142122,93779,199292,1
343,5,72,5,0.0188,976064959,98128,3e+05,1
343,5,72,5,0.0188,926352561,88420,297782,1
343,5,72,5,0.0188,1590962420,111006,3e+05,1
343,5,72,5,0.0188,1129705271,95403,98537,1
344,17,30,5,0.0143,1129705271,98539,98537,0
345,9,61,9,0.0247,976964627,92452,3e+05,1
345,9,61,9,0.0247,395064476,97515,99866,1
345,9,61,9,0.0247,2037563455,106014,3e+05,1
345,9,61,9,0.0247,1177142122,93957,196990,1
345,9,61,9,0.0247,926352561,95344,295480,1
345,9,61,9,0.0247,1590962420,96919,3e+05,1
345,9,61,9,0.0247,1129705271,97705,98537,1
346,21,40,15,0.028,1129705271,98539,98537,0
347,5,70,4,0.0477,1129705271,98546,98537,0
348,13,28,18,0.0566,1129705271,98559,98537,0
349,8,71,9,0.0417,1129705271,98569,98537,0
350,6,71,1,0.0602,1129705271,98542,98537,0
351,4,66,6,0.0299,1129705271,98540,98537,0
352,4,72,4,0.0132,1129705271,98542,98537,0
353,12,64,3,0.025,1129705271,98547,98537,0
354,4,70,7,0.0173,976964627,91095,3e+05,1
354,4,70,7,0.0173,1010701430,88157,3e+05,1
354,4,70,7,0.0173,917007886,85126,3e+05,1
354,4,70,7,0.0173,395064476,89051,106168,1
354,4,70,7,0.0173,2037563455,88346,3e+05,1
354,4,70,7,0.0173,1177142122,104022,203292,1
354,4,70,7,0.0173,976064959,87033,3e+05,1
354,4,70,7,0.0173,926352561,90495,3e+05,1
354,4,70,7,0.0173,1590962420,96227,3e+05,1
354,4,70,7,0.0173,1129705271,91403,98537,1
355,5,70,5,0.0466,1129705271,98556,98537,0
356,12,69,3,0.0118,1129705271,98540,98537,0
357,6,68,10,0.0168,976964627,88073,3e+05,1
357,6,68,10,0.0168,1010701430,103463,3e+05,1
357,6,68,10,0.0168,917007886,86867,3e+05,1
357,6,68,10,0.0168,395064476,99649,108522,1
357,6,68,10,0.0168,2037563455,90933,3e+05,1
357,6,68,10,0.0168,1177142122,84576,205646,1
357,6,68,10,0.0168,976064959,84291,3e+05,1
357,6,68,10,0.0168,926352561,88814,3e+05,1
357,6,68,10,0.0168,1590962420,96399,3e+05,1
357,6,68,10,0.0168,1129705271,89049,98537,1
358,9,28,7,0.0516,976964627,82679,3e+05,1
358,9,28,7,0.0516,1010701430,85543,3e+05,1
358,9,28,7,0.0516,917007886,86129,3e+05,1
358,9,28,7,0.0516,1673570350,100806,3e+05,1
358,9,28,7,0.0516,1511508930,89969,3e+05,1
358,9,28,7,0.0516,395064476,89250,111227,1
358,9,28,7,0.0516,2037563455,89389,3e+05,1
358,9,28,7,0.0516,1177142122,109914,208351,1
358,9,28,7,0.0516,976064959,79309,3e+05,1
358,9,28,7,0.0516,926352561,86241,3e+05,1
358,9,28,7,0.0516,1590962420,86014,3e+05,1
358,9,28,7,0.0516,1129705271,86344,98537,1
359,2,32,10,0.0314,1129705271,98552,98537,0
360,20,33,8,0.0373,1129705271,98554,98537,0
361,11,63,1,0.0544,1129705271,98549,98537,0
362,5,60,1,0.023,1129705271,98544,98537,0
363,13,31,13,0.0322,976964627,94164,3e+05,1
363,13,31,13,0.0322,917007886,98631,3e+05,1
363,13,31,13,0.0322,395064476,98007,102594,1
363,13,31,13,0.0322,2037563455,96488,3e+05,1
363,13,31,13,0.0322,1177142122,98869,199718,1
363,13,31,13,0.0322,926352561,97754,298208,1
363,13,31,13,0.0322,1590962420,92625,3e+05,1
363,13,31,13,0.0322,1129705271,94977,98537,1
364,12,32,7,0.0186,1129705271,98552,98537,0
365,12,36,7,0.015,1129705271,98543,98537,0
366,7,70,4,0.0542,1129705271,98541,98537,0
367,11,64,4,0.0247,976964627,89654,3e+05,1
367,11,64,4,0.0247,395064476,95684,110095,1
367,11,64,4,0.0247,2037563455,107485,3e+05,1
367,11,64,4,0.0247,1177142122,103350,207219,1
367,11,64,4,0.0247,926352561,93318,3e+05,1
367,11,64,4,0.0247,1590962420,111010,3e+05,1
367,11,64,4,0.0247,1129705271,87476,98537,1
368,7,26,8,0.0487,976964627,88295,3e+05,1
368,7,26,8,0.0487,1010701430,82999,3e+05,1
368,7,26,8,0.0487,917007886,79634,3e+05,1
368,7,26,8,0.0487,1673570350,80388,3e+05,1
368,7,26,8,0.0487,1511508930,99268,3e+05,1
368,7,26,8,0.0487,395064476,86351,119516,1
368,7,26,8,0.0487,2037563455,106043,3e+05,1
368,7,26,8,0.0487,1177142122,84827,216640,1
368,7,26,8,0.0487,976064959,79348,3e+05,1
368,7,26,8,0.0487,926352561,94041,3e+05,1
368,7,26,8,0.0487,1590962420,81499,3e+05,1
368,7,26,8,0.0487,1129705271,78055,98537,1
368,7,26,8,0.0487,633393695,101458,3e+05,1
368,7,26,8,0.0487,1308842760,94284,3e+05,1
368,7,26,8,0.0487,1765008485,83243,3e+05,1
369,11,64,2,0.0507,1129705271,98547,98537,0
370,5,60,4,0.0278,1129705271,98543,98537,0
371,15,30,12,0.0328,395064476,98188,99683,1
371,15,30,12,0.0328,1177142122,99877,196807,1
371,15,30,12,0.0328,1129705271,97888,98537,1
372,13,40,3,0.0668,1129705271,98541,98537,0
373,16,33,3,0.0345,1129705271,98539,98537,0
374,12,63,10,0.0335,1129705271,98560,98537,0
375,3,63,10,0.0444,1129705271,98542,98537,0
376,7,68,1,0.0308,1129705271,98542,98537,0
377,7,29,11,0.0816,1129705271,98552,98537,0
378,12,28,13,0.0236,1129705271,98550,98537,0
379,20,68,3,0.0195,1129705271,98558,98537,0
380,16,38,9,0.0537,1129705271,98543,98537,0
381,20,26,7,0.0336,1129705271,98555,98537,0
382,9,69,10,0.023,1129705271,98538,98537,0
383,4,68,7,0.0198,976964627,95139,3e+05,1
383,4,68,7,0.0198,1010701430,106952,3e+05,1
383,4,68,7,0.0198,917007886,100129,3e+05,1
383,4,68,7,0.0198,395064476,83622,107175,1
383,4,68,7,0.0198,2037563455,99147,3e+05,1
383,4,68,7,0.0198,1177142122,87235,204299,1
383,4,68,7,0.0198,976064959,93255,3e+05,1
383,4,68,7,0.0198,926352561,107727,3e+05,1
383,4,68,7,0.0198,1590962420,92294,3e+05,1
383,4,68,7,0.0198,1129705271,90396,98537,1
384,12,29,7,0.0177,395064476,100251,100240,0
384,12,29,7,0.0177,1129705271,97331,98537,1
385,13,30,8,0.0286,1129705271,98546,98537,0
386,11,65,5,0.0751,1129705271,98557,98537,0
387,11,73,3,0.0296,1129705271,98553,98537,0
388,10,77,10,0.0159,976964627,92557,3e+05,1
388,10,77,10,0.0159,1010701430,94278,3e+05,1
388,10,77,10,0.0159,917007886,99052,3e+05,1
388,10,77,10,0.0159,395064476,93762,107988,1
388,10,77,10,0.0159,2037563455,94493,3e+05,1
388,10,77,10,0.0159,1177142122,99788,205112,1
388,10,77,10,0.0159,976064959,99517,3e+05,1
388,10,77,10,0.0159,926352561,90667,3e+05,1
388,10,77,10,0.0159,1590962420,91427,3e+05,1
388,10,77,10,0.0159,1129705271,89583,98537,1
389,7,65,2,0.0295,976964627,97389,3e+05,1
389,7,65,2,0.0295,917007886,96120,3e+05,1
389,7,65,2,0.0295,395064476,91283,104310,1
389,7,65,2,0.0295,2037563455,85981,3e+05,1
389,7,65,2,0.0295,1177142122,93325,201434,1
389,7,65,2,0.0295,976064959,102924,3e+05,1
389,7,65,2,0.0295,926352561,112928,299924,1
389,7,65,2,0.0295,1590962420,87863,3e+05,1
389,7,65,2,0.0295,1129705271,93261,98537,1
390,16,35,13,0.0353,1129705271,98547,98537,0
391,8,65,6,0.0327,395064476,100865,100858,0
391,8,65,6,0.0327,1129705271,96713,98537,1
392,16,24,6,0.0666,976964627,101567,3e+05,1
392,16,24,6,0.0666,395064476,92108,102732,1
392,16,24,6,0.0666,1177142122,98138,199856,1
392,16,24,6,0.0666,926352561,95498,298346,1
392,16,24,6,0.0666,1590962420,103789,3e+05,1
392,16,24,6,0.0666,1129705271,94839,98537,1
393,9,71,6,0.0166,976964627,84452,3e+05,1
393,9,71,6,0.0166,1010701430,82582,3e+05,1
393,9,71,6,0.0166,917007886,89635,3e+05,1
393,9,71,6,0.0166,395064476,95216,101004,1
393,9,71,6,0.0166,2037563455,99270,3e+05,1
393,9,71,6,0.0166,1177142122,90380,198128,1
393,9,71,6,0.0166,976064959,96421,3e+05,1
393,9,71,6,0.0166,926352561,93807,296618,1
393,9,71,6,0.0166,1590962420,82975,3e+05,1
393,9,71,6,0.0166,1129705271,96567,98537,1
394,9,66,3,0.0288,976964627,110237,3e+05,1
394,9,66,3,0.0288,917007886,100727,3e+05,1
394,9,66,3,0.0288,395064476,84596,110549,1
394,9,66,3,0.0288,2037563455,95593,3e+05,1
394,9,66,3,0.0288,1177142122,98145,207673,1
394,9,66,3,0.0288,976064959,105969,3e+05,1
394,9,66,3,0.0288,926352561,92573,3e+05,1
394,9,66,3,0.0288,1590962420,95366,3e+05,1
394,9,66,3,0.0288,1129705271,87022,98537,1
395,20,27,12,0.0254,1129705271,98540,98537,0
396,12,68,5,0.0185,976964627,94225,3e+05,1
396,12,68,5,0.0185,1010701430,96477,3e+05,1
396,12,68,5,0.0185,917007886,91269,3e+05,1
396,12,68,5,0.0185,395064476,87801,109251,1
396,12,68,5,0.0185,2037563455,92648,3e+05,1
396,12,68,5,0.0185,1177142122,89901,206375,1
396,12,68,5,0.0185,976064959,94532,3e+05,1
396,12,68,5,0.0185,926352561,102785,3e+05,1
396,12,68,5,0.0185,1590962420,94056,3e+05,1
396,12,68,5,0.0185,1129705271,88320,98537,1
397,10,63,8,0.0359,1129705271,98537,98537,0
398,10,67,5,0.023,976964627,84571,3e+05,1
398,10,67,5,0.023,1010701430,106166,3e+05,1
398,10,67,5,0.023,917007886,97807,3e+05,1
398,10,67,5,0.023,395064476,99422,109365,1
398,10,67,5,0.023,2037563455,91064,3e+05,1
398,10,67,5,0.023,1177142122,93132,206489,1
398,10,67,5,0.023,976064959,96942,3e+05,1
398,10,67,5,0.023,926352561,108077,3e+05,1
398,10,67,5,0.023,1590962420,88307,3e+05,1
398,10,67,5,0.023,1129705271,88206,98537,1
399,22,36,9,0.0513,1129705271,98567,98537,0
400,16,57,3,0.015,1129705271,98538,98537,0
401,18,39,14,0.0367,1129705271,98541,98537,0
402,17,29,15,0.0531,1129705271,98562,98537,0
403,5,66,7,0.0215,976964627,89873,3e+05,1
403,5,66,7,0.0215,1010701430,83718,3e+05,1
403,5,66,7,0.0215,917007886,90585,3e+05,1
403,5,66,7,0.0215,1511508930,109931,3e+05,1
403,5,66,7,0.0215,395064476,85120,115497,1
403,5,66,7,0.0215,2037563455,83754,3e+05,1
403,5,66,7,0.0215,1177142122,106609,212621,1
403,5,66,7,0.0215,976064959,98341,3e+05,1
403,5,66,7,0.0215,926352561,92237,3e+05,1
403,5,66,7,0.0215,1590962420,93760,3e+05,1
403,5,66,7,0.0215,1129705271,82074,98537,1
404,15,39,5,0.0292,1129705271,98552,98537,0
405,15,66,7,0.0604,1129705271,98538,98537,0
406,5,66,8,0.0209,976964627,98527,3e+05,1
406,5,66,8,0.0209,1010701430,93130,3e+05,1
406,5,66,8,0.0209,917007886,83816,3e+05,1
406,5,66,8,0.0209,395064476,86427,110715,1
406,5,66,8,0.0209,2037563455,91649,3e+05,1
406,5,66,8,0.0209,1177142122,85951,207839,1
406,5,66,8,0.0209,976064959,92876,3e+05,1
406,5,66,8,0.0209,926352561,93988,3e+05,1
406,5,66,8,0.0209,1590962420,89813,3e+05,1
406,5,66,8,0.0209,1129705271,86856,98537,1
407,16,38,11,0.0621,1129705271,98549,98537,0
408,2,56,2,0.0567,1129705271,98539,98537,0
409,17,28,12,0.0325,1129705271,98551,98537,0
410,17,25,8,0.0509,1129705271,98560,98537,0
411,16,30,8,0.0121,1129705271,98544,98537,0
412,6,67,5,0.0367,1129705271,98547,98537,0
413,17,31,7,0.0284,1129705271,98555,98537,0
414,1,75,4,0.0268,1129705271,98548,98537,0
415,13,26,12,0.0565,976964627,98900,3e+05,1
415,13,26,12,0.0565,395064476,95801,101239,1
415,13,26,12,0.0565,2037563455,100691,3e+05,1
415,13,26,12,0.0565,1177142122,100529,198363,1
415,13,26,12,0.0565,926352561,97173,296853,1
415,13,26,12,0.0565,1590962420,90477,3e+05,1
415,13,26,12,0.0565,1129705271,96332,98537,1
416,24,36,12,0.0448,1129705271,98557,98537,0
417,9,30,11,0.0565,976964627,94532,3e+05,1
417,9,30,11,0.0565,917007886,98987,3e+05,1
417,9,30,11,0.0565,395064476,91921,101873,1
417,9,30,11,0.0565,2037563455,94584,3e+05,1
417,9,30,11,0.0565,1177142122,97807,198997,1
417,9,30,11,0.0565,926352561,102272,297487,1
417,9,30,11,0.0565,1590962420,96324,3e+05,1
417,9,30,11,0.0565,1129705271,95698,98537,1
418,7,72,1,0.0336,1129705271,98540,98537,0
419,9,64,3,0.0394,1129705271,98542,98537,0
420,16,25,10,0.0307,1129705271,98537,98537,0
421,8,64,1,0.0523,1129705271,98539,98537,0
422,16,32,4,0.0318,1129705271,98551,98537,0
423,6,71,7,0.0594,633393695,94094,94086,0
424,2,40,30,0.0261,633393695,94087,94086,0
425,23,24,10,0.0424,633393695,94087,94086,0
426,31,20,12,0.0509,633393695,94100,94086,0
427,23,94,11,0.0117,633393695,94104,94086,0
428,19,78,14,0.0474,633393695,94097,94086,0
429,6,74,9,0.1729,633393695,94148,94086,0
430,9,44,10,0.0859,633393695,94099,94086,0
431,1,100,7,0.1679,633393695,94099,94086,0
432,4,86,10,0.07,633393695,94116,94086,0
433,17,12,13,0.1071,633393695,94087,94086,0
434,12,77,8,0.127,633393695,94138,94086,0
435,16,88,16,0.0487,633393695,94094,94086,0
436,8,72,14,0.0356,633393695,94109,94086,0
437,2,9,5,0.1015,633393695,94087,94086,0
438,12,19,12,0.0352,1010701430,88345,88339,0
438,12,19,12,0.0352,633393695,90089,94086,1
439,22,85,26,0.0543,633393695,94086,94086,0
440,21,70,14,0.0353,633393695,94129,94086,0
441,24,31,26,0.1278,633393695,94103,94086,0
442,12,80,30,0.0218,633393695,94120,94086,0
443,2,95,25,0.1296,633393695,94174,94086,0
444,3,77,19,0.0358,633393695,94118,94086,0
445,10,73,13,0.0808,633393695,94089,94086,0
446,6,98,11,0.0864,633393695,94100,94086,0
447,23,79,10,0.0382,633393695,94087,94086,0
448,9,91,7,0.0138,1010701430,90426,94260,1
448,9,91,7,0.0138,917007886,89980,176099,1
448,9,91,7,0.0138,633393695,84168,94086,1
449,11,85,28,0.0603,633393695,94120,94086,0
450,16,49,29,0.0221,633393695,94097,94086,0
451,8,81,6,0.052,633393695,94098,94086,0
452,12,98,30,0.039,633393695,94133,94086,0
453,1,82,13,0.0206,633393695,94092,94086,0
454,5,78,11,0.0769,633393695,94090,94086,0
455,7,79,19,0.0475,633393695,94116,94086,0
456,11,87,18,0.0686,633393695,94108,94086,0
457,15,28,10,0.0858,633393695,94096,94086,0
458,12,86,18,0.0336,633393695,94138,94086,0
459,1,25,14,0.0447,633393695,94097,94086,0
460,23,73,2,0.0381,633393695,94110,94086,0
461,28,77,11,0.0466,633393695,94095,94086,0
462,19,82,4,0.0942,633393695,94099,94086,0
463,11,76,24,0.06,633393695,94140,94086,0
464,11,86,10,0.0626,633393695,94113,94086,0
465,8,78,29,0.1192,633393695,94101,94086,0
466,8,76,13,0.0543,633393695,94113,94086,0
467,9,89,6,0.1278,633393695,94120,94086,0
468,4,75,10,0.0826,633393695,94115,94086,0
469,11,68,12,0.0485,633393695,94139,94086,0
470,18,6,11,0.1087,633393695,94099,94086,0
471,10,21,16,0.1144,633393695,94098,94086,0
472,19,82,2,0.1441,633393695,94112,94086,0
473,13,97,15,0.0398,633393695,94111,94086,0
474,19,36,18,0.0738,633393695,94111,94086,0
475,19,69,6,0.104,633393695,94126,94086,0
476,10,85,39,0.011,633393695,94092,94086,0
477,28,93,3,0.1304,633393695,94099,94086,0
478,20,63,15,0.028,633393695,94125,94086,0
479,6,70,12,0.1088,633393695,94122,94086,0
480,5,17,21,0.1516,633393695,94100,94086,0
481,7,33,9,0.1127,633393695,94112,94086,0
482,22,79,12,0.018,633393695,94092,94086,0
483,22,88,9,0.1008,633393695,94105,94086,0
484,8,83,18,0.0357,633393695,94115,94086,0
485,19,71,8,0.035,633393695,94100,94086,0
486,19,82,26,0.0506,633393695,94104,94086,0
487,18,67,16,0.0635,633393695,94107,94086,0
488,5,24,13,0.1435,633393695,94098,94086,0
489,6,69,15,0.0821,633393695,94110,94086,0
490,26,75,23,0.0659,633393695,94113,94086,0
491,25,62,22,0.0919,633393695,94109,94086,0
492,18,84,10,0.0163,633393695,94086,94086,0
493,11,27,10,0.0229,1010701430,85754,85754,0
493,11,27,10,0.0229,633393695,92674,94086,1
494,1,83,20,0.1173,633393695,94133,94086,0
495,6,46,12,0.1119,633393695,94119,94086,0
496,4,13,28,0.1624,633393695,94097,94086,0
497,11,57,1,0.0478,633393695,94089,94086,0
498,29,90,10,0.018,633393695,94130,94086,0
499,7,18,35,0.0145,633393695,94090,94086,0
500,6,42,31,0.0834,633393695,94107,94086,0
501,12,36,11,0.0134,633393695,94092,94086,0
502,3,16,10,0.0506,633393695,94086,94086,0
503,10,59,9,0.0448,633393695,94099,94086,0
504,15,85,25,0.0811,633393695,94131,94086,0
505,8,55,5,0.053,633393695,94089,94086,0
506,10,82,8,0.0678,633393695,94102,94086,0
507,12,6,8,0.1953,633393695,94100,94086,0
508,11,70,12,0.0282,633393695,94118,94086,0
509,13,87,4,0.0125,633393695,94104,94086,0
510,5,76,9,0.0447,633393695,94115,94086,0
511,2,90,11,0.0403,633393695,94088,94086,0
512,12,83,9,0.0369,633393695,94124,94086,0
513,10,78,1,0.036,633393695,94097,94086,0
514,4,82,19,0.0873,633393695,94112,94086,0
515,2,9,14,0.0285,633393695,94090,94086,0
516,13,73,12,0.0301,633393695,94113,94086,0
517,11,74,3,0.0166,1010701430,85837,85830,0
517,11,74,3,0.0166,633393695,92598,94086,1
518,3,28,21,0.1033,633393695,94103,94086,0
519,14,74,10,0.1406,633393695,94127,94086,0
520,25,92,10,0.031,633393695,94113,94086,0
521,8,77,15,0.0594,633393695,94108,94086,0
522,9,20,19,0.0546,633393695,94094,94086,0
523,29,85,5,0.0269,633393695,94098,94086,0
524,28,88,9,0.0428,633393695,94098,94086,0
525,15,89,11,0.0725,633393695,94128,94086,0
526,20,81,17,0.0433,633393695,94102,94086,0
527,1,98,12,0.0364,633393695,94130,94086,0
528,6,65,4,0.0695,633393695,94109,94086,0
529,19,47,4,0.0393,633393695,94094,94086,0
530,24,93,23,0.0102,633393695,94108,94086,0
531,21,73,8,0.1128,633393695,94116,94086,0
532,2,20,20,0.0494,633393695,94086,94086,0
533,16,88,10,0.0783,633393695,94108,94086,0
534,15,38,12,0.1192,633393695,94117,94086,0
535,19,24,6,0.132,633393695,94118,94086,0
536,7,73,14,0.0176,633393695,94090,94086,0
537,13,19,12,0.0679,633393695,94097,94086,0
538,19,72,13,0.0502,633393695,94120,94086,0
539,5,73,16,0.0585,633393695,94133,94086,0
540,13,31,4,0.019,633393695,94089,94086,0
541,1,79,16,0.0752,633393695,94154,94086,0
542,8,83,21,0.0124,633393695,94093,94086,0
543,28,10,1,0.0435,633393695,94096,94086,0
544,30,79,12,0.0841,633393695,94090,94086,0
545,13,92,10,0.0823,633393695,94122,94086,0
546,18,37,5,0.0918,633393695,94096,94086,0
547,8,62,12,0.0419,633393695,94105,94086,0
548,9,75,2,0.0841,633393695,94091,94086,0
549,1,29,12,0.0605,633393695,94092,94086,0
550,7,67,4,0.0266,633393695,94090,94086,0
551,22,74,13,0.0861,633393695,94124,94086,0
552,6,83,14,0.1201,633393695,94139,94086,0
553,32,91,18,0.0579,633393695,94133,94086,0
554,14,82,1,0.046,633393695,94106,94086,0
555,21,71,16,0.097,633393695,94097,94086,0
556,22,56,4,0.0185,633393695,94090,94086,0
557,24,42,12,0.0818,633393695,94121,94086,0
558,24,77,5,0.0451,633393695,94102,94086,0
559,2,13,28,0.1551,633393695,94099,94086,0
560,1,73,3,0.1148,633393695,94107,94086,0
561,26,77,10,0.062,633393695,94105,94086,0
562,7,74,17,0.0381,633393695,94105,94086,0
563,3,75,14,0.0474,633393695,94112,94086,0
564,11,72,2,0.0308,633393695,94095,94086,0
565,16,76,5,0.0886,633393695,94124,94086,0
566,12,27,15,0.0542,633393695,94088,94086,0
567,8,95,13,0.0911,633393695,94097,94086,0
568,18,25,14,0.0448,633393695,94091,94086,0
569,4,74,9,0.0365,633393695,94104,94086,0
570,13,71,13,0.1356,633393695,94137,94086,0
571,2,9,32,0.0255,633393695,94092,94086,0
572,7,68,7,0.0286,1010701430,85728,85716,0
572,7,68,7,0.0286,633393695,92712,94086,1
573,11,82,13,0.0174,633393695,94100,94086,0
574,32,23,6,0.019,633393695,94100,94086,0
575,23,81,8,0.1554,633393695,94122,94086,0
576,2,78,14,0.0371,633393695,94120,94086,0
577,10,92,2,0.0294,633393695,94099,94086,0
578,1,34,16,0.1515,633393695,94088,94086,0
579,22,17,21,0.0938,633393695,94092,94086,0
580,4,82,15,0.1439,633393695,94139,94086,0
581,23,80,4,0.021,633393695,94099,94086,0
582,15,77,17,0.0259,633393695,94108,94086,0
583,31,77,7,0.0926,633393695,94113,94086,0
584,18,71,14,0.0557,633393695,94123,94086,0
585,11,81,11,0.0575,633393695,94122,94086,0
586,26,83,14,0.0241,633393695,94097,94086,0
587,9,97,4,0.0886,633393695,94106,94086,0
588,3,89,8,0.0888,633393695,94134,94086,0
589,6,74,4,0.0464,633393695,94094,94086,0
590,9,33,16,0.0586,633393695,94101,94086,0
591,15,72,23,0.0619,633393695,94159,94086,0
592,11,57,32,0.117,633393695,94144,94086,0
593,12,4,21,0.123,633393695,94088,94086,0
594,13,18,13,0.0305,633393695,94086,94086,0
595,8,89,16,0.1006,633393695,94122,94086,0
596,22,18,13,0.0996,633393695,94112,94086,0
597,13,83,5,0.0755,633393695,94095,94086,0
598,1,57,4,0.089,633393695,94086,94086,0
599,4,71,16,0.0519,633393695,94116,94086,0
600,6,79,10,0.0247,633393695,94117,94086,0
601,18,19,1,0.079,633393695,94097,94086,0
602,20,31,14,0.0777,633393695,94095,94086,0
603,10,87,11,0.033,633393695,94091,94086,0
604,14,18,13,0.0766,633393695,94102,94086,0
605,25,68,18,0.0564,633393695,94093,94086,0
606,2,77,1,0.164,633393695,94102,94086,0
607,22,97,23,0.1291,633393695,94181,94086,0
608,12,84,11,0.0531,633393695,94095,94086,0
609,18,41,7,0.0617,633393695,94094,94086,0
610,19,89,8,0.0118,633393695,94095,94086,0
611,21,54,16,0.0779,633393695,94125,94086,0
612,2,73,7,0.0978,633393695,94102,94086,0
613,6,44,22,0.0226,633393695,94103,94086,0
614,3,80,7,0.0644,633393695,94094,94086,0
615,6,96,2,0.0408,633393695,94095,94086,0
616,8,82,3,0.0274,633393695,94088,94086,0
617,15,90,33,0.1643,633393695,94155,94086,0
618,8,97,11,0.0517,633393695,94117,94086,0
619,9,23,14,0.0241,633393695,94088,94086,0
620,17,15,23,0.0701,633393695,94110,94086,0
621,7,61,5,0.0334,633393695,94094,94086,0
622,9,87,20,0.0151,633393695,94101,94086,0
623,26,19,8,0.1299,633393695,94092,94086,0
624,13,74,10,0.143,633393695,94086,94086,0
625,7,99,22,0.0202,633393695,94099,94086,0
626,10,83,20,0.0729,633393695,94110,94086,0
627,22,35,10,0.1163,633393695,94097,94086,0
628,1,75,9,0.0928,633393695,94093,94086,0
629,1,32,21,0.0118,633393695,94088,94086,0
630,14,72,3,0.0256,633393695,94092,94086,0
631,9,31,9,0.0483,1010701430,90388,93539,1
631,9,31,9,0.0483,917007886,93788,175378,1
631,9,31,9,0.0483,633393695,84889,94086,1
632,16,96,11,0.0422,633393695,94119,94086,0
633,4,73,4,0.0691,633393695,94094,94086,0
634,14,97,28,0.0662,633393695,94086,94086,0
635,12,75,20,0.1344,633393695,94155,94086,0
636,23,80,8,0.0271,633393695,94111,94086,0
637,33,32,32,0.0412,633393695,94109,94086,0
638,2,20,23,0.0417,633393695,94097,94086,0
639,16,84,20,0.0183,633393695,94120,94086,0
640,18,40,9,0.0435,633393695,94106,94086,0
641,15,79,19,0.0472,633393695,94094,94086,0
642,7,99,12,0.0258,633393695,94121,94086,0
643,19,72,13,0.0374,633393695,94129,94086,0
644,27,77,6,0.021,633393695,94113,94086,0
645,6,10,13,0.1698,633393695,94088,94086,0
646,13,72,21,0.1536,633393695,94134,94086,0
647,17,83,23,0.1277,633393695,94153,94086,0
648,10,91,2,0.0296,633393695,94099,94086,0
649,5,75,7,0.0112,976964627,78729,3e+05,1
649,5,75,7,0.0112,1010701430,82322,97547,1
649,5,75,7,0.0112,917007886,86558,179386,1
649,5,75,7,0.0112,1673570350,82022,3e+05,1
649,5,75,7,0.0112,1511508930,81077,3e+05,1
649,5,75,7,0.0112,395064476,105923,3e+05,1
649,5,75,7,0.0112,2037563455,88314,3e+05,1
649,5,75,7,0.0112,1177142122,78673,3e+05,1
649,5,75,7,0.0112,976064959,75106,3e+05,1
649,5,75,7,0.0112,926352561,75969,270416,1
649,5,75,7,0.0112,1590962420,80791,3e+05,1
649,5,75,7,0.0112,1129705271,75546,3e+05,1
649,5,75,7,0.0112,633393695,80881,94086,1
649,5,75,7,0.0112,1308842760,81949,3e+05,1
649,5,75,7,0.0112,1765008485,77323,3e+05,1
649,5,75,7,0.0112,1587282285,78098,3e+05,1
650,16,32,26,0.0636,633393695,94120,94086,0
651,14,28,1,0.1173,633393695,94099,94086,0
652,13,87,19,0.0121,633393695,94110,94086,0
653,24,32,2,0.0341,633393695,94086,94086,0
654,3,85,17,0.1192,633393695,94146,94086,0
655,12,76,11,0.0124,633393695,94107,94086,0
656,12,76,6,0.0771,633393695,94119,94086,0
657,13,25,16,0.0333,633393695,94094,94086,0
658,25,58,23,0.1252,633393695,94151,94086,0
659,9,79,9,0.0339,633393695,94101,94086,0
660,11,21,11,0.124,633393695,94099,94086,0
661,13,78,8,0.0265,633393695,94098,94086,0
662,28,80,18,0.0748,633393695,94115,94086,0
663,7,73,3,0.1291,633393695,94095,94086,0
664,11,36,1,0.0121,633393695,94091,94086,0
665,12,77,9,0.123,633393695,94107,94086,0
666,13,88,8,0.0816,633393695,94132,94086,0
667,3,69,13,0.0482,633393695,94100,94086,0
668,19,81,18,0.0822,633393695,94113,94086,0
669,20,52,7,0.0207,633393695,94086,94086,0
670,1,94,16,0.0648,633393695,94117,94086,0
671,16,84,12,0.148,633393695,94152,94086,0
672,12,15,12,0.0914,633393695,94092,94086,0
673,22,29,6,0.0617,633393695,94106,94086,0
674,3,73,9,0.0716,633393695,94094,94086,0
675,8,73,42,0.1253,633393695,94103,94086,0
676,6,76,23,0.0836,633393695,94114,94086,0
677,21,22,19,0.0539,633393695,94111,94086,0
678,5,72,5,0.0639,633393695,94091,94086,0
679,11,73,3,0.0296,633393695,94086,94086,0
680,4,17,12,0.1501,633393695,94102,94086,0
681,1,91,3,0.0216,633393695,94086,94086,0
682,15,20,10,0.103,633393695,94093,94086,0
683,7,99,15,0.0281,633393695,94105,94086,0
684,8,58,11,0.0216,1010701430,86190,89874,1
684,8,58,11,0.0216,917007886,92207,171713,1
684,8,58,11,0.0216,633393695,88554,94086,1
685,25,78,24,0.0163,633393695,94092,94086,0
686,13,28,4,0.1152,633393695,94087,94086,0
687,6,97,3,0.0257,633393695,94099,94086,0
688,9,98,14,0.1157,633393695,94154,94086,0
689,20,51,10,0.0689,633393695,94111,94086,0
690,26,9,21,0.044,633393695,94105,94086,0
691,27,74,10,0.0278,633393695,94108,94086,0
692,14,66,1,0.0188,633393695,94096,94086,0
693,25,18,22,0.0732,633393695,94089,94086,0
694,3,71,4,0.0267,633393695,94087,94086,0
695,13,68,1,0.0193,633393695,94093,94086,0
696,4,92,13,0.085,633393695,94117,94086,0
697,19,86,4,0.0261,633393695,94100,94086,0
698,20,100,15,0.0377,633393695,94125,94086,0
699,20,49,17,0.1139,633393695,94127,94086,0
700,27,92,15,0.0357,633393695,94095,94086,0
701,6,14,10,0.0106,633393695,94091,94086,0
702,7,90,4,0.1668,633393695,94135,94086,0
703,4,87,23,0.0424,633393695,94086,94086,0
704,15,90,3,0.0543,633393695,94109,94086,0
705,37,76,12,0.0474,633393695,94105,94086,0
706,8,75,5,0.041,633393695,94098,94086,0
707,17,72,11,0.0692,633393695,94118,94086,0
708,34,37,4,0.0381,633393695,94102,94086,0
709,15,39,4,0.0574,1010701430,86770,86750,0
709,15,39,4,0.0574,633393695,91678,94086,1
710,11,76,9,0.0332,633393695,94091,94086,0
711,4,79,1,0.0199,1308842760,88725,88719,0
712,11,79,8,0.0227,1308842760,88732,88719,0
713,11,74,6,0.0378,1308842760,88731,88719,0
714,8,27,8,0.0346,1010701430,80894,95065,1
714,8,27,8,0.0346,917007886,84821,90496,1
714,8,27,8,0.0346,1511508930,85381,88793,1
714,8,27,8,0.0346,1177142122,82087,85949,1
714,8,27,8,0.0346,926352561,88032,88020,0
714,8,27,8,0.0346,1590962420,88494,94141,1
714,8,27,8,0.0346,633393695,83828,87463,1
714,8,27,8,0.0346,1308842760,79339,88719,1
715,12,24,2,0.0425,1308842760,88719,88719,0
716,2,71,6,0.0363,1308842760,88729,88719,0
717,6,74,1,0.0126,1308842760,88723,88719,0
718,7,79,6,0.0179,1308842760,88722,88719,0
719,5,82,5,0.0178,1010701430,86356,86344,0
719,5,82,5,0.0178,1308842760,88060,88719,1
720,8,25,7,0.0461,1308842760,88727,88719,0
721,4,85,5,0.0198,1308842760,88732,88719,0
722,8,73,8,0.0346,1308842760,88738,88719,0
723,12,28,9,0.058,1308842760,88728,88719,0
724,4,75,3,0.0103,1308842760,88724,88719,0
725,5,78,4,0.0485,1308842760,88731,88719,0
726,4,77,5,0.0131,1010701430,91957,91955,0
726,4,77,5,0.0131,1308842760,82449,88719,1
727,4,24,3,0.0287,1308842760,88719,88719,0
728,6,27,7,0.0449,1010701430,91685,91681,0
728,6,27,7,0.0449,1308842760,82723,88719,1
729,5,26,8,0.0265,1308842760,88725,88719,0
730,3,83,3,0.0318,1308842760,88728,88719,0
731,5,79,7,0.0235,1308842760,88726,88719,0
732,6,79,5,0.0235,1308842760,88719,88719,0
733,12,19,11,0.0475,1308842760,88720,88719,0
734,3,74,4,0.0141,1308842760,88724,88719,0
735,12,77,4,0.0129,1308842760,88720,88719,0
736,6,30,6,0.055,1308842760,88737,88719,0
737,6,79,7,0.0146,1010701430,89686,89678,0
737,6,79,7,0.0146,1308842760,84726,88719,1
738,6,28,8,0.049,1308842760,88719,88719,0
739,4,30,7,0.0585,1308842760,88732,88719,0
740,7,30,8,0.0553,1308842760,88728,88719,0
741,13,81,3,0.0279,1308842760,88727,88719,0
742,8,77,1,0.0248,1308842760,88730,88719,0
743,8,84,4,0.0271,1308842760,88725,88719,0
744,7,24,11,0.051,1308842760,88721,88719,0
745,9,77,6,0.0289,1308842760,88720,88719,0
746,1,77,4,0.0463,1308842760,88724,88719,0
747,8,79,9,0.0163,1308842760,88730,88719,0
748,4,81,7,0.017,1010701430,87831,87829,0
748,4,81,7,0.017,1308842760,86575,88719,1
749,9,26,8,0.0454,1308842760,88730,88719,0
750,6,81,2,0.0162,1308842760,88727,88719,0
751,7,79,4,0.0112,1010701430,85046,88881,1
751,7,79,4,0.0112,1511508930,87392,88157,1
751,7,79,4,0.0112,633393695,90019,174870,1
751,7,79,4,0.0112,1308842760,85523,88719,1
752,9,76,4,0.0168,1308842760,88729,88719,0
753,11,79,4,0.014,1308842760,88727,88719,0
754,6,83,8,0.0163,1010701430,87602,87597,0
754,6,83,8,0.0163,1308842760,86807,88719,1
755,8,23,5,0.0522,1010701430,88340,88330,0
755,8,23,5,0.0522,1308842760,86074,88719,1
756,6,75,4,0.0127,1010701430,87935,89705,1
756,6,75,4,0.0127,1511508930,82203,89045,1
756,6,75,4,0.0127,1177142122,103908,3e+05,1
756,6,75,4,0.0127,1590962420,88254,260617,1
756,6,75,4,0.0127,633393695,84307,175758,1
756,6,75,4,0.0127,1308842760,84699,88719,1
757,8,79,2,0.0275,1308842760,88726,88719,0
758,8,75,8,0.0323,1308842760,88740,88719,0
759,2,36,15,0.0493,1308842760,88726,88719,0
760,6,79,8,0.0174,1010701430,84658,89960,1
760,6,79,8,0.0174,1511508930,88043,88033,0
760,6,79,8,0.0174,1308842760,84444,88719,1
761,11,26,4,0.0575,1308842760,88722,88719,0
762,9,84,2,0.043,1308842760,88723,88719,0
763,10,26,9,0.0482,1308842760,88722,88719,0
764,7,75,6,0.0139,1010701430,94731,94723,0
764,7,75,6,0.0139,1308842760,79681,88719,1
765,4,79,3,0.0272,1308842760,88728,88719,0
766,4,25,4,0.0304,1308842760,88720,88719,0
767,5,27,7,0.036,1010701430,85657,99013,1
767,5,27,7,0.036,1511508930,99750,184426,1
767,5,27,7,0.036,1308842760,75391,88719,1
768,11,79,6,0.021,1308842760,88736,88719,0
769,8,84,15,0.0375,1308842760,88738,88719,0
770,8,19,10,0.045,1308842760,88722,88719,0
771,4,24,6,0.0413,1308842760,88721,88719,0
772,9,22,5,0.0418,1308842760,88727,88719,0
773,11,27,8,0.059,1308842760,88723,88719,0
774,12,79,11,0.0342,1308842760,88735,88719,0
775,11,30,10,0.0328,1010701430,85751,85733,0
775,11,30,10,0.0328,1308842760,88671,88719,1
776,12,81,5,0.024,1308842760,88719,88719,0
777,10,81,5,0.0219,1308842760,88738,88719,0
778,12,79,3,0.0172,1308842760,88723,88719,0
779,6,85,6,0.0309,1308842760,88741,88719,0
780,5,30,9,0.0476,1308842760,88723,88719,0
781,10,28,9,0.0532,1308842760,88737,88719,0
782,8,26,7,0.0266,1010701430,88069,88057,0
782,8,26,7,0.0266,1308842760,86347,88719,1
783,7,22,5,0.0298,1010701430,90457,90448,0
783,7,22,5,0.0298,1308842760,83956,88719,1
784,7,87,5,0.0267,1308842760,88722,88719,0
785,8,88,8,0.0129,1010701430,86858,86852,0
785,8,88,8,0.0129,1308842760,87552,88719,1
786,6,77,4,0.0229,1010701430,91845,91835,0
786,6,77,4,0.0229,1308842760,82569,88719,1
787,7,29,11,0.0482,1010701430,88612,88604,0
787,7,29,11,0.0482,1308842760,85800,88719,1
788,9,74,11,0.011,1010701430,85865,85864,0
788,9,74,11,0.011,1308842760,88540,88719,1
789,10,82,1,0.0318,1308842760,88724,88719,0
790,7,81,3,0.0137,1308842760,88725,88719,0
791,9,78,7,0.0367,1308842760,88736,88719,0
792,5,75,8,0.0118,1010701430,86836,90104,1
792,5,75,8,0.0118,1511508930,82321,175517,1
792,5,75,8,0.0118,1590962420,102659,3e+05,1
792,5,75,8,0.0118,633393695,78181,262230,1
792,5,75,8,0.0118,1308842760,84300,88719,1
793,14,77,8,0.0293,1308842760,88740,88719,0
794,8,85,8,0.0317,1308842760,88723,88719,0
795,6,24,4,0.0157,1308842760,88726,88719,0
796,8,21,7,0.0679,1308842760,88729,88719,0
797,6,32,13,0.0418,1308842760,88725,88719,0
798,3,76,5,0.0229,1308842760,88719,88719,0
799,5,75,8,0.0157,1010701430,86982,86976,0
799,5,75,8,0.0157,1308842760,87428,88719,1
800,13,78,2,0.0215,1308842760,88723,88719,0
801,8,83,7,0.0359,1308842760,88739,88719,0
802,2,31,9,0.0189,1308842760,88721,88719,0
803,10,28,2,0.0523,1308842760,88719,88719,0
804,4,82,7,0.0248,1308842760,88735,88719,0
805,7,79,8,0.0339,1308842760,88726,88719,0
806,5,78,3,0.0295,1308842760,88723,88719,0
807,13,72,3,0.0506,1308842760,88723,88719,0
808,12,26,11,0.0578,1308842760,88747,88719,0
809,10,80,4,0.0254,1308842760,88720,88719,0
810,2,72,9,0.0204,1308842760,88723,88719,0
811,5,25,10,0.0462,1010701430,85438,88874,1
811,5,25,10,0.0462,1511508930,95517,174287,1
811,5,25,10,0.0462,1308842760,85530,88719,1
812,9,26,5,0.0288,1308842760,88728,88719,0
813,1,24,8,0.0685,1308842760,88719,88719,0
814,9,84,5,0.0117,976964627,91582,3e+05,1
814,9,84,5,0.0117,1010701430,84703,88493,1
814,9,84,5,0.0117,917007886,81674,3e+05,1
814,9,84,5,0.0117,1511508930,78863,173906,1
814,9,84,5,0.0117,1177142122,89807,3e+05,1
814,9,84,5,0.0117,926352561,84733,3e+05,1
814,9,84,5,0.0117,1590962420,91253,3e+05,1
814,9,84,5,0.0117,633393695,82878,260619,1
814,9,84,5,0.0117,1308842760,85911,88719,1
815,11,85,1,0.0239,1308842760,88723,88719,0
816,6,70,4,0.0345,1308842760,88724,88719,0
817,10,28,9,0.0427,1010701430,84771,86277,1
817,10,28,9,0.0427,1511508930,88913,171690,1
817,10,28,9,0.0427,1308842760,88127,88719,1
818,8,84,9,0.0281,1308842760,88732,88719,0
819,3,27,4,0.0411,1308842760,88721,88719,0
820,2,24,14,0.0489,1308842760,88735,88719,0
821,8,22,9,0.0606,1308842760,88724,88719,0
822,11,25,4,0.0611,1308842760,88727,88719,0
823,9,78,8,0.0354,1308842760,88749,88719,0
824,10,78,6,0.0312,1308842760,88727,88719,0
825,12,83,6,0.0153,1308842760,88730,88719,0
826,7,72,7,0.0153,1010701430,79187,96014,1
826,7,72,7,0.0153,1511508930,94944,181427,1
826,7,72,7,0.0153,1590962420,103931,3e+05,1
826,7,72,7,0.0153,633393695,83944,268140,1
826,7,72,7,0.0153,1308842760,78390,88719,1
827,12,78,2,0.0404,1308842760,88728,88719,0
828,4,26,9,0.0526,1308842760,88729,88719,0
829,9,79,1,0.0143,1308842760,88730,88719,0
830,8,25,7,0.0275,1010701430,85077,87775,1
830,8,25,7,0.0275,1511508930,96950,173188,1
830,8,25,7,0.0275,1308842760,86629,88719,1
831,10,72,11,0.0216,1308842760,88732,88719,0
832,9,84,11,0.0148,1308842760,88726,88719,0
833,9,23,12,0.0526,1010701430,87907,87897,0
833,9,23,12,0.0526,1308842760,86507,88719,1
834,10,26,10,0.052,1308842760,88727,88719,0
835,13,82,3,0.0211,1308842760,88733,88719,0
836,8,78,5,0.0224,1010701430,87443,88002,1
836,8,78,5,0.0224,1511508930,91634,173415,1
836,8,78,5,0.0224,1308842760,86402,88719,1
837,9,82,4,0.0237,1308842760,88722,88719,0
838,3,75,6,0.0295,1308842760,88730,88719,0
839,4,69,6,0.0421,1308842760,88735,88719,0
840,5,26,6,0.0555,1308842760,88728,88719,0
841,10,80,7,0.0351,1308842760,88734,88719,0
842,5,73,5,0.0338,1308842760,88724,88719,0
843,8,23,5,0.0855,1308842760,88729,88719,0
844,7,21,4,0.0534,1308842760,88729,88719,0
845,5,71,6,0.0232,1308842760,88733,88719,0
846,5,27,11,0.0236,976964627,85179,3e+05,1
846,5,27,11,0.0236,1010701430,75764,99227,1
846,5,27,11,0.0236,917007886,98116,3e+05,1
846,5,27,11,0.0236,1673570350,85050,3e+05,1
846,5,27,11,0.0236,1511508930,84158,184640,1
846,5,27,11,0.0236,395064476,83270,3e+05,1
846,5,27,11,0.0236,2037563455,79471,3e+05,1
846,5,27,11,0.0236,1177142122,79496,3e+05,1
846,5,27,11,0.0236,976064959,82116,3e+05,1
846,5,27,11,0.0236,926352561,81180,3e+05,1
846,5,27,11,0.0236,1590962420,75898,3e+05,1
846,5,27,11,0.0236,1129705271,91066,3e+05,1
846,5,27,11,0.0236,633393695,78586,271353,1
846,5,27,11,0.0236,1308842760,75177,88719,1
846,5,27,11,0.0236,1765008485,81106,3e+05,1
847,8,80,2,0.0128,1308842760,88727,88719,0
848,4,28,9,0.0293,1308842760,88719,88719,0
849,7,28,10,0.0397,1010701430,85313,94061,1
849,7,28,10,0.0397,917007886,94614,3e+05,1
849,7,28,10,0.0397,1511508930,83848,179474,1
849,7,28,10,0.0397,1177142122,87698,3e+05,1
849,7,28,10,0.0397,1590962420,87431,3e+05,1
849,7,28,10,0.0397,633393695,88831,266187,1
849,7,28,10,0.0397,1308842760,80343,88719,1
850,11,25,6,0.0641,1308842760,88725,88719,0
851,7,23,7,0.0573,1010701430,77686,85938,1
851,7,23,7,0.0573,1511508930,89046,171351,1
851,7,23,7,0.0573,1590962420,95782,3e+05,1
851,7,23,7,0.0573,633393695,85436,258064,1
851,7,23,7,0.0573,1308842760,88466,88719,1
852,12,78,7,0.0389,1308842760,88730,88719,0
853,10,24,10,0.0536,1308842760,88726,88719,0
854,11,26,5,0.0311,1308842760,88724,88719,0
855,9,82,5,0.0224,1308842760,88724,88719,0
856,5,79,8,0.033,1308842760,88730,88719,0
857,4,78,7,0.0166,1308842760,88726,88719,0
858,14,23,4,0.0405,1308842760,88733,88719,0
859,8,85,3,0.0477,1308842760,88720,88719,0
860,7,83,8,0.0225,1308842760,88731,88719,0
861,4,77,12,0.0345,1308842760,88734,88719,0
862,9,83,9,0.0607,1308842760,88742,88719,0
863,10,25,12,0.029,1010701430,86268,86252,0
863,10,25,12,0.029,1308842760,88152,88719,1
864,6,25,11,0.0321,1010701430,86879,89580,1
864,6,25,11,0.0321,1511508930,88975,174993,1
864,6,25,11,0.0321,1308842760,84824,88719,1
865,12,77,4,0.0103,1308842760,88734,88719,0
866,7,75,5,0.0109,1010701430,87765,90012,1
866,7,75,5,0.0109,1511508930,99338,175425,1
866,7,75,5,0.0109,1308842760,84392,88719,1
867,3,19,8,0.0415,1308842760,88725,88719,0
868,19,82,1,0.0381,1308842760,88739,88719,0
869,3,79,7,0.0138,1308842760,88722,88719,0
870,9,74,7,0.01,976964627,96720,3e+05,1
870,9,74,7,0.01,1010701430,84054,90360,1
870,9,74,7,0.01,917007886,80122,3e+05,1
870,9,74,7,0.01,1511508930,86359,175773,1
870,9,74,7,0.01,1177142122,86321,3e+05,1
870,9,74,7,0.01,926352561,92877,3e+05,1
870,9,74,7,0.01,1590962420,78884,3e+05,1
870,9,74,7,0.01,633393695,88754,262486,1
870,9,74,7,0.01,1308842760,84044,88719,1
871,7,83,6,0.0113,1308842760,88722,88719,0
872,7,80,9,0.0361,1308842760,88735,88719,0
873,2,72,5,0.0212,1308842760,88733,88719,0
874,10,78,2,0.0214,1308842760,88735,88719,0
875,8,80,8,0.0319,1308842760,88723,88719,0
876,8,23,8,0.0697,1010701430,91449,91443,0
876,8,23,8,0.0697,1308842760,82961,88719,1
877,6,75,6,0.0265,1308842760,88720,88719,0
878,7,83,8,0.0175,1308842760,88724,88719,0
879,8,28,11,0.051,1308842760,88732,88719,0
880,9,84,5,0.0212,1010701430,88810,88807,0
880,9,84,5,0.0212,1308842760,85597,88719,1
881,7,22,11,0.0637,1308842760,88727,88719,0
882,6,83,6,0.0212,1308842760,88728,88719,0
883,8,77,2,0.0394,1308842760,88734,88719,0
884,5,82,4,0.0168,1010701430,90059,90885,1
884,5,82,4,0.0168,1511508930,97864,176298,1
884,5,82,4,0.0168,1308842760,83519,88719,1
885,3,73,2,0.0143,1308842760,88721,88719,0
886,7,82,4,0.0325,1308842760,88726,88719,0
887,10,19,8,0.0493,1308842760,88729,88719,0
888,5,22,7,0.0339,1010701430,88177,95837,1
888,5,22,7,0.0339,917007886,91436,3e+05,1
888,5,22,7,0.0339,1511508930,82653,181250,1
888,5,22,7,0.0339,1177142122,82486,3e+05,1
888,5,22,7,0.0339,926352561,92858,3e+05,1
888,5,22,7,0.0339,1590962420,82166,3e+05,1
888,5,22,7,0.0339,633393695,89720,267963,1
888,5,22,7,0.0339,1308842760,78567,88719,1
889,2,81,6,0.013,1308842760,88731,88719,0
890,7,74,8,0.0451,1308842760,88739,88719,0
891,8,77,5,0.0139,1308842760,88725,88719,0
892,3,77,6,0.0214,1308842760,88727,88719,0
893,9,76,13,0.0104,1010701430,86137,86122,0
893,9,76,13,0.0104,1308842760,88282,88719,1
894,6,29,1,0.0426,1308842760,88724,88719,0
895,7,86,5,0.03,1308842760,88729,88719,0
896,6,26,7,0.051,1308842760,88721,88719,0
897,1,25,7,0.0352,1308842760,88724,88719,0
898,6,24,5,0.0356,1010701430,88787,89757,1
898,6,24,5,0.0356,1511508930,80517,175170,1
898,6,24,5,0.0356,633393695,96505,261883,1
898,6,24,5,0.0356,1308842760,84647,88719,1
899,3,85,5,0.0158,1308842760,88721,88719,0
900,9,80,4,0.0105,1010701430,89644,91469,1
900,9,80,4,0.0105,1511508930,107240,176882,1
900,9,80,4,0.0105,1308842760,82935,88719,1
901,6,77,4,0.0378,1308842760,88728,88719,0
902,11,79,12,0.0133,1308842760,88737,88719,0
903,9,83,8,0.0502,1308842760,88767,88719,0
904,4,22,5,0.0905,1308842760,88731,88719,0
905,7,24,10,0.041,1010701430,87887,90527,1
905,7,24,10,0.041,1511508930,90831,175940,1
905,7,24,10,0.041,1308842760,83877,88719,1
906,13,29,6,0.0524,1308842760,88730,88719,0
907,3,25,10,0.0371,1010701430,88330,88324,0
907,3,25,10,0.0371,1308842760,86080,88719,1
908,4,74,3,0.0303,1308842760,88731,88719,0
909,6,27,2,0.0597,1308842760,88721,88719,0
910,11,84,5,0.019,1308842760,88732,88719,0
911,12,82,1,0.014,1308842760,88723,88719,0
912,5,84,9,0.02,1308842760,88719,88719,0
913,6,78,1,0.0186,1308842760,88721,88719,0
914,5,73,2,0.0159,1308842760,88727,88719,0
915,14,20,8,0.0582,1308842760,88719,88719,0
916,10,86,8,0.0233,1308842760,88725,88719,0
917,8,80,5,0.0143,1308842760,88723,88719,0
918,11,74,6,0.0301,1308842760,88744,88719,0
919,12,75,4,0.0243,1308842760,88719,88719,0
920,10,81,5,0.0213,1308842760,88732,88719,0
921,7,78,6,0.0151,1010701430,86073,88539,1
921,7,78,6,0.0151,1511508930,87013,173952,1
921,7,78,6,0.0151,633393695,96894,260665,1
921,7,78,6,0.0151,1308842760,85865,88719,1
922,11,80,2,0.015,1308842760,88723,88719,0
923,7,82,7,0.0158,1010701430,85830,85825,0
923,7,82,7,0.0158,1308842760,88579,88719,1
924,7,80,7,0.0261,1308842760,88738,88719,0
925,10,27,11,0.0693,1308842760,88719,88719,0
926,3,78,3,0.0213,1308842760,88719,88719,0
927,9,24,10,0.0504,1308842760,88720,88719,0
928,6,26,10,0.0492,1308842760,88726,88719,0
929,7,28,9,0.0606,1308842760,88726,88719,0
930,13,83,6,0.0272,1308842760,88736,88719,0
931,13,82,8,0.0173,1308842760,88720,88719,0
932,8,70,7,0.013,1308842760,88727,88719,0
933,6,69,5,0.0261,1010701430,89222,89208,0
933,6,69,5,0.0261,1308842760,85196,88719,1
934,7,86,8,0.0145,1308842760,88720,88719,0
935,6,23,8,0.0493,1010701430,79142,91612,1
935,6,23,8,0.0493,1511508930,84920,177025,1
935,6,23,8,0.0493,1590962420,94051,3e+05,1
935,6,23,8,0.0493,633393695,91534,263738,1
935,6,23,8,0.0493,1308842760,82792,88719,1
936,8,24,9,0.0435,1010701430,87340,89288,1
936,8,24,9,0.0435,1511508930,88604,174701,1
936,8,24,9,0.0435,1308842760,85116,88719,1
937,2,75,4,0.0139,1308842760,88722,88719,0
938,8,81,6,0.025,1308842760,88741,88719,0
939,5,22,10,0.0519,1010701430,90778,93110,1
939,5,22,10,0.0519,917007886,88051,3e+05,1
939,5,22,10,0.0519,1511508930,83898,178523,1
939,5,22,10,0.0519,1177142122,78311,3e+05,1
939,5,22,10,0.0519,926352561,99654,3e+05,1
939,5,22,10,0.0519,1590962420,88025,3e+05,1
939,5,22,10,0.0519,633393695,80395,265236,1
939,5,22,10,0.0519,1308842760,81294,88719,1
940,14,82,6,0.0333,1308842760,88743,88719,0
941,7,24,8,0.0798,1010701430,87740,87731,0
941,7,24,8,0.0798,1308842760,86673,88719,1
942,7,83,6,0.035,1308842760,88723,88719,0
943,13,82,5,0.0327,1308842760,88735,88719,0
944,3,29,15,0.0739,1308842760,88721,88719,0
945,12,23,9,0.0387,1308842760,88724,88719,0
946,8,78,4,0.0144,1308842760,88723,88719,0
947,5,77,9,0.0219,1308842760,88719,88719,0
948,11,29,12,0.0435,1308842760,88732,88719,0
949,8,74,3,0.0125,1308842760,88730,88719,0
950,11,77,2,0.0398,1308842760,88733,88719,0
951,8,77,5,0.0131,1308842760,88727,88719,0
952,8,79,10,0.0192,1308842760,88737,88719,0
953,8,80,2,0.0235,1308842760,88721,88719,0
954,13,23,10,0.0569,1308842760,88723,88719,0
955,4,75,13,0.039,1308842760,88744,88719,0
956,6,85,4,0.0129,1010701430,81862,85876,1
956,6,85,4,0.0129,1511508930,87917,171289,1
956,6,85,4,0.0129,1590962420,91654,3e+05,1
956,6,85,4,0.0129,633393695,85427,258002,1
956,6,85,4,0.0129,1308842760,88528,88719,1
957,12,73,8,0.042,1308842760,88737,88719,0
958,7,82,5,0.0113,976964627,85955,3e+05,1
958,7,82,5,0.0113,1010701430,82284,92304,1
958,7,82,5,0.0113,917007886,82874,3e+05,1
958,7,82,5,0.0113,1511508930,84684,177717,1
958,7,82,5,0.0113,395064476,100823,3e+05,1
958,7,82,5,0.0113,1177142122,78534,3e+05,1
958,7,82,5,0.0113,926352561,81255,3e+05,1
958,7,82,5,0.0113,1590962420,94895,3e+05,1
958,7,82,5,0.0113,633393695,85534,264430,1
958,7,82,5,0.0113,1308842760,82100,88719,1
959,8,81,5,0.0128,1765008485,82178,82175,0
960,4,28,11,0.0225,1765008485,82177,82175,0
961,8,79,6,0.024,1765008485,82180,82175,0
962,7,26,8,0.0476,1765008485,82187,82175,0
963,8,79,5,0.0126,1765008485,82185,82175,0
964,29,62,2,0.0454,1765008485,82205,82175,0
965,7,79,6,0.0159,1177142122,81760,81750,0
965,7,79,6,0.0159,1308842760,83547,90834,1
965,7,79,6,0.0159,1765008485,77566,82175,1
966,9,81,6,0.0111,1765008485,82184,82175,0
967,7,80,4,0.0193,1765008485,82188,82175,0
968,7,82,6,0.0164,1765008485,82176,82175,0
969,7,26,8,0.0497,1765008485,82181,82175,0
970,11,67,18,0.0106,1765008485,82195,82175,0
971,7,27,9,0.0539,1765008485,82180,82175,0
972,6,80,4,0.0149,1765008485,82179,82175,0
973,10,81,5,0.0133,1765008485,82178,82175,0
974,21,82,7,0.0175,1765008485,82187,82175,0
975,5,27,11,0.0247,1765008485,82182,82175,0
976,8,80,6,0.013,1765008485,82176,82175,0
977,8,80,4,0.0224,1765008485,82177,82175,0
978,6,27,9,0.0491,1765008485,82177,82175,0
979,9,80,4,0.0188,1765008485,82183,82175,0
980,7,27,8,0.0518,1765008485,82177,82175,0
981,6,85,16,0.0244,1765008485,82214,82175,0
982,22,72,13,0.1222,1765008485,82204,82175,0
983,6,26,8,0.0528,1765008485,82180,82175,0
984,8,79,5,0.018,1765008485,82184,82175,0
985,8,80,5,0.0135,1308842760,87304,87297,0
985,8,80,5,0.0135,1765008485,81103,82175,1
986,7,80,4,0.0124,1308842760,91856,91847,0
986,7,80,4,0.0124,1765008485,76553,82175,1
987,7,26,8,0.056,1765008485,82182,82175,0
988,5,28,10,0.0226,1673570350,89157,257488,1
988,5,28,10,0.0226,1177142122,92675,175852,1
988,5,28,10,0.0226,1308842760,82729,94102,1
988,5,28,10,0.0226,1765008485,74298,82175,1
989,7,26,9,0.0455,1765008485,82183,82175,0
990,8,80,4,0.0188,1765008485,82185,82175,0
991,6,27,8,0.0451,1765008485,82185,82175,0
992,7,80,4,0.0123,1308842760,88569,88563,0
992,7,80,4,0.0123,1765008485,79837,82175,1
993,6,27,6,0.0519,1765008485,82182,82175,0
994,6,26,7,0.042,1765008485,82180,82175,0
995,9,81,5,0.0167,1765008485,82177,82175,0
996,8,79,6,0.0143,1765008485,82189,82175,0
997,7,90,14,0.1216,1765008485,82208,82175,0
998,8,80,6,0.0162,1765008485,82182,82175,0
999,6,81,4,0.0207,1765008485,82178,82175,0
1000,6,27,9,0.0461,1765008485,82180,82175,0
1001,7,25,8,0.0498,1765008485,82181,82175,0
1002,14,81,17,0.11,1765008485,82233,82175,0
1003,17,80,16,0.0397,1765008485,82202,82175,0
1004,42,57,23,0.0819,1765008485,82206,82175,0
1005,7,81,4,0.0187,1765008485,82175,82175,0
1006,8,25,7,0.0415,1177142122,87245,168257,1
1006,8,25,7,0.0415,1308842760,81411,86507,1
1006,8,25,7,0.0415,1765008485,81893,82175,1
1007,9,80,6,0.0162,1765008485,82178,82175,0
1008,7,26,7,0.0494,1765008485,82181,82175,0
1009,6,78,4,0.0159,1765008485,82180,82175,0
1010,5,85,3,0.0179,1765008485,82180,82175,0
1011,8,80,4,0.0182,1765008485,82180,82175,0
1012,5,26,11,0.0228,1308842760,94553,94553,0
1012,5,26,11,0.0228,1765008485,73847,82175,1
1013,11,70,15,0.0407,1765008485,82217,82175,0
1014,7,25,7,0.0463,1765008485,82175,82175,0
1015,9,80,5,0.0102,1765008485,82180,82175,0
1016,5,28,10,0.023,1765008485,82178,82175,0
1017,5,27,11,0.025,1765008485,82176,82175,0
1018,7,27,8,0.0496,1765008485,82191,82175,0
1019,9,80,5,0.0185,1765008485,82185,82175,0
1020,8,80,6,0.0154,1765008485,82182,82175,0
1021,6,27,10,0.0528,1765008485,82180,82175,0
1022,17,80,1,0.0483,1765008485,82189,82175,0
1023,5,26,12,0.0273,1765008485,82182,82175,0
1024,8,27,9,0.0444,1765008485,82177,82175,0
1025,8,27,8,0.0496,1765008485,82184,82175,0
1026,6,25,8,0.0486,1765008485,82175,82175,0
1027,5,27,10,0.0265,1765008485,82180,82175,0
1028,5,27,11,0.0268,1308842760,88804,88803,0
1028,5,27,11,0.0268,1765008485,79597,82175,1
1029,4,26,11,0.0244,1765008485,82186,82175,0
1030,8,28,8,0.0502,1765008485,82183,82175,0
1031,8,77,5,0.025,1765008485,82188,82175,0
1032,9,80,4,0.0234,1765008485,82180,82175,0
1033,7,26,7,0.0502,1765008485,82186,82175,0
1034,8,80,6,0.0125,976964627,93785,3e+05,1
1034,8,80,6,0.0125,1010701430,85445,3e+05,1
1034,8,80,6,0.0125,917007886,83033,3e+05,1
1034,8,80,6,0.0125,1673570350,79450,249803,1
1034,8,80,6,0.0125,1511508930,97552,3e+05,1
1034,8,80,6,0.0125,395064476,80790,3e+05,1
1034,8,80,6,0.0125,2037563455,79637,3e+05,1
1034,8,80,6,0.0125,1177142122,86876,168167,1
1034,8,80,6,0.0125,976064959,80533,3e+05,1
1034,8,80,6,0.0125,1129705271,87439,3e+05,1
1034,8,80,6,0.0125,633393695,81182,3e+05,1
1034,8,80,6,0.0125,1308842760,79581,86417,1
1034,8,80,6,0.0125,1765008485,81983,82175,1
1035,6,26,7,0.0452,1765008485,82190,82175,0
1036,7,26,9,0.05,1765008485,82186,82175,0
1037,6,25,10,0.0255,1765008485,82176,82175,0
1038,1,76,3,0.1079,1765008485,82187,82175,0
1039,7,27,8,0.0572,1765008485,82193,82175,0
1040,7,79,4,0.0193,1765008485,82177,82175,0
1041,7,80,6,0.0119,1765008485,82177,82175,0
1042,7,80,7,0.0126,1765008485,82175,82175,0
1043,6,58,6,0.0414,1765008485,82193,82175,0
1044,6,76,17,0.0985,1765008485,82195,82175,0
1045,10,76,4,0.1671,1765008485,82196,82175,0
1046,6,26,9,0.0453,1765008485,82189,82175,0
1047,7,27,8,0.0499,1765008485,82180,82175,0
1048,9,80,5,0.0164,1765008485,82178,82175,0
1049,7,26,8,0.0472,1765008485,82185,82175,0
1050,6,26,8,0.0482,1765008485,82190,82175,0
1051,8,28,9,0.0505,1765008485,82181,82175,0
1052,8,81,5,0.0104,1765008485,82180,82175,0
1053,9,81,5,0.0118,1765008485,82186,82175,0
1054,7,25,7,0.0532,1765008485,82179,82175,0
1055,8,25,8,0.0487,1765008485,82191,82175,0
1056,4,27,13,0.024,1765008485,82183,82175,0
1057,7,27,8,0.0524,1765008485,82194,82175,0
1058,9,80,5,0.0186,1765008485,82175,82175,0
1059,6,26,8,0.0465,1765008485,82178,82175,0
1060,7,26,8,0.0484,1177142122,91883,171993,1
1060,7,26,8,0.0484,1308842760,89547,90243,1
1060,7,26,8,0.0484,1765008485,78157,82175,1
1061,7,26,8,0.0507,1673570350,92984,249872,1
1061,7,26,8,0.0507,1177142122,79568,168236,1
1061,7,26,8,0.0507,1308842760,84778,86486,1
1061,7,26,8,0.0507,1765008485,81914,82175,1
1062,7,27,8,0.0478,1765008485,82181,82175,0
1063,9,80,6,0.0172,1765008485,82184,82175,0
1064,5,27,10,0.0258,1765008485,82175,82175,0
1065,5,27,11,0.0201,1765008485,82184,82175,0
1066,6,25,8,0.0595,1308842760,86258,86238,0
1066,6,25,8,0.0595,1765008485,82162,82175,1
1067,8,24,8,0.0453,1765008485,82178,82175,0
1068,10,68,19,0.1363,1765008485,82212,82175,0
1069,9,80,5,0.0169,1765008485,82181,82175,0
1070,6,27,9,0.0478,1765008485,82183,82175,0
1071,7,26,9,0.0536,1765008485,82178,82175,0
1072,6,27,7,0.0514,1765008485,82189,82175,0
1073,31,61,28,0.0259,1765008485,82203,82175,0
1074,6,27,7,0.0505,1765008485,82182,82175,0
1075,8,80,5,0.0177,1765008485,82185,82175,0
1076,8,79,4,0.0197,1765008485,82175,82175,0
1077,2,83,3,0.0269,1765008485,82175,82175,0
1078,10,80,5,0.0139,1765008485,82186,82175,0
1079,7,80,5,0.0145,1765008485,82176,82175,0
1080,2,88,16,0.0296,1765008485,82187,82175,0
1081,7,80,4,0.0175,1177142122,91880,170738,1
1081,7,80,4,0.0175,1308842760,83449,88988,1
1081,7,80,4,0.0175,1765008485,79412,82175,1
1082,8,80,4,0.0177,1765008485,82183,82175,0
1083,6,27,11,0.0244,976964627,85886,3e+05,1
1083,6,27,11,0.0244,1010701430,92573,3e+05,1
1083,6,27,11,0.0244,917007886,97296,3e+05,1
1083,6,27,11,0.0244,1673570350,83325,255754,1
1083,6,27,11,0.0244,2037563455,80208,3e+05,1
1083,6,27,11,0.0244,1177142122,76839,174118,1
1083,6,27,11,0.0244,1308842760,86261,92368,1
1083,6,27,11,0.0244,1765008485,76032,82175,1
1084,8,78,4,0.017,1765008485,82177,82175,0
1085,7,27,8,0.0528,1765008485,82193,82175,0
1086,7,80,5,0.0183,1765008485,82192,82175,0
1087,4,68,19,0.0879,1765008485,82219,82175,0
1088,8,79,5,0.0153,1765008485,82186,82175,0
1089,8,80,5,0.0156,1308842760,86521,86501,0
1089,8,80,5,0.0156,1765008485,81899,82175,1
1090,14,81,17,0.1147,1765008485,82206,82175,0
1091,9,80,5,0.0211,1765008485,82187,82175,0
1092,21,60,2,0.0536,1765008485,82182,82175,0
1093,7,80,4,0.0119,1765008485,82179,82175,0
1094,16,79,16,0.0451,1765008485,82190,82175,0
1095,7,82,5,0.0177,1765008485,82190,82175,0
1096,9,80,6,0.0164,1765008485,82186,82175,0
1097,6,27,8,0.0487,1308842760,87523,87519,0
1097,6,27,8,0.0487,1765008485,80881,82175,1
1098,8,81,5,0.0131,1765008485,82181,82175,0
1099,8,26,9,0.0482,1765008485,82180,82175,0
1100,7,27,8,0.0531,1765008485,82192,82175,0
1101,10,71,13,0.1199,1765008485,82194,82175,0
1102,7,26,8,0.056,1765008485,82182,82175,0
1103,4,29,9,0.0184,976964627,84987,3e+05,1
1103,4,29,9,0.0184,1010701430,86993,3e+05,1
1103,4,29,9,0.0184,917007886,88338,3e+05,1
1103,4,29,9,0.0184,1673570350,79771,254968,1
1103,4,29,9,0.0184,1511508930,74953,3e+05,1
1103,4,29,9,0.0184,395064476,87567,3e+05,1
1103,4,29,9,0.0184,2037563455,91536,3e+05,1
1103,4,29,9,0.0184,1177142122,75788,173332,1
1103,4,29,9,0.0184,976064959,86780,3e+05,1
1103,4,29,9,0.0184,926352561,80824,3e+05,1
1103,4,29,9,0.0184,1590962420,88234,3e+05,1
1103,4,29,9,0.0184,1129705271,77690,3e+05,1
1103,4,29,9,0.0184,633393695,78939,3e+05,1
1103,4,29,9,0.0184,1308842760,75288,91582,1
1103,4,29,9,0.0184,1765008485,76818,82175,1
1103,4,29,9,0.0184,1587282285,81011,3e+05,1
1104,5,76,17,0.022,1765008485,82184,82175,0
1105,9,79,5,0.0218,1765008485,82176,82175,0
1106,8,80,4,0.0177,1765008485,82183,82175,0
1107,8,80,6,0.0141,1765008485,82179,82175,0
1108,9,79,5,0.0169,1765008485,82190,82175,0
1109,8,79,4,0.0114,1765008485,82184,82175,0
1110,8,25,8,0.0498,1765008485,82190,82175,0
1111,9,82,4,0.0213,1765008485,82175,82175,0
1112,7,82,5,0.0149,1765008485,82181,82175,0
1113,6,26,8,0.0446,1177142122,104642,168176,1
1113,6,26,8,0.0446,1308842760,82159,86426,1
1113,6,26,8,0.0446,1765008485,81974,82175,1
1114,8,81,5,0.0175,1765008485,82177,82175,0
1115,18,75,23,0.0433,1765008485,82246,82175,0
1116,7,26,7,0.0491,1765008485,82181,82175,0
1117,13,74,15,0.0174,1765008485,82198,82175,0
1118,7,80,4,0.0232,1765008485,82186,82175,0
1119,8,80,6,0.0156,1308842760,87163,87146,0
1119,8,80,6,0.0156,1765008485,81254,82175,1
1120,8,80,6,0.022,1765008485,82182,82175,0
1121,6,27,9,0.0484,1765008485,82191,82175,0
1122,8,79,5,0.0213,1765008485,82189,82175,0
1123,5,29,11,0.0216,1673570350,91739,252812,1
1123,5,29,11,0.0216,1177142122,84330,171176,1
1123,5,29,11,0.0216,1308842760,84520,89426,1
1123,5,29,11,0.0216,1765008485,78974,82175,1
1124,4,25,10,0.0206,1765008485,82175,82175,0
1125,8,80,6,0.0201,1765008485,82180,82175,0
1126,15,81,15,0.0317,1765008485,82215,82175,0
1127,7,80,5,0.0251,1765008485,82187,82175,0
1128,7,81,6,0.0162,1765008485,82183,82175,0
1129,8,80,5,0.0136,1308842760,86863,86857,0
1129,8,80,5,0.0136,1765008485,81543,82175,1
1130,19,69,9,0.0672,1765008485,82199,82175,0
1131,8,27,8,0.0515,1765008485,82178,82175,0
1132,5,25,7,0.0408,1177142122,114045,168674,1
1132,5,25,7,0.0408,1308842760,80645,86924,1
1132,5,25,7,0.0408,1765008485,81476,82175,1
1133,9,81,5,0.0135,1765008485,82184,82175,0
1134,9,80,5,0.0251,1765008485,82195,82175,0
1135,8,82,4,0.0168,1765008485,82176,82175,0
1136,7,26,8,0.0466,1765008485,82177,82175,0
1137,5,28,10,0.025,1308842760,90446,90446,0
1137,5,28,10,0.025,1765008485,77954,82175,1
1138,12,80,5,0.0514,1765008485,82187,82175,0
1139,8,26,7,0.0505,1765008485,82186,82175,0
1140,7,81,4,0.0157,1765008485,82177,82175,0
1141,8,81,5,0.0145,1177142122,84470,170398,1
1141,8,81,5,0.0145,1308842760,86257,88648,1
1141,8,81,5,0.0145,1765008485,79752,82175,1
1142,5,26,8,0.0554,1673570350,90024,249798,1
1142,5,26,8,0.0554,1177142122,85565,168162,1
1142,5,26,8,0.0554,1308842760,79558,86412,1
1142,5,26,8,0.0554,1765008485,81988,82175,1
1143,8,80,4,0.0165,1765008485,82179,82175,0
1144,7,80,4,0.018,1765008485,82178,82175,0
1145,18,77,17,0.0436,1765008485,82231,82175,0
1146,8,26,8,0.0487,1765008485,82179,82175,0
1147,7,26,7,0.0527,1765008485,82190,82175,0
1148,7,26,8,0.0528,1765008485,82183,82175,0
1149,8,79,5,0.0161,1765008485,82182,82175,0
1150,7,80,5,0.0188,1765008485,82184,82175,0
1151,9,70,8,0.0591,1765008485,82189,82175,0
1152,8,81,5,0.0138,1765008485,82186,82175,0
1153,8,26,8,0.0387,1765008485,82178,82175,0
1154,7,81,5,0.0191,1765008485,82182,82175,0
1155,7,80,5,0.0114,1765008485,82184,82175,0
1156,8,80,5,0.0138,1765008485,82188,82175,0
1157,8,81,5,0.0171,1765008485,82179,82175,0
1158,4,27,10,0.0196,1765008485,82178,82175,0
1159,7,27,7,0.0457,976964627,93397,3e+05,1
1159,7,27,7,0.0457,917007886,92395,3e+05,1
1159,7,27,7,0.0457,1673570350,81239,254248,1
1159,7,27,7,0.0457,2037563455,86050,3e+05,1
1159,7,27,7,0.0457,1177142122,86560,172612,1
1159,7,27,7,0.0457,1308842760,80535,90862,1
1159,7,27,7,0.0457,1765008485,77538,82175,1
1160,7,27,8,0.0539,1765008485,82189,82175,0
1161,12,90,27,0.0702,1765008485,82262,82175,0
1162,7,26,8,0.0481,1308842760,87726,87726,0
1162,7,26,8,0.0481,1765008485,80674,82175,1
1163,7,27,8,0.0422,1765008485,82187,82175,0
1164,5,79,6,0.0644,1765008485,82200,82175,0
1165,5,26,11,0.0272,1177142122,87683,170221,1
1165,5,26,11,0.0272,1308842760,84761,88471,1
1165,5,26,11,0.0272,1765008485,79929,82175,1
1166,8,79,5,0.0141,1765008485,82177,82175,0
1167,7,27,7,0.0547,1765008485,82180,82175,0
1168,7,78,4,0.0191,1765008485,82189,82175,0
1169,7,79,5,0.0159,1765008485,82179,82175,0
1170,6,26,9,0.0501,1765008485,82183,82175,0
1171,5,28,11,0.0231,1308842760,88046,88029,0
1171,5,28,11,0.0231,1765008485,80371,82175,1
1172,9,80,5,0.0227,1765008485,82181,82175,0
1173,9,81,5,0.0199,1765008485,82185,82175,0
1174,8,79,5,0.0189,1765008485,82180,82175,0
1175,4,27,10,0.0257,1765008485,82178,82175,0
1176,13,83,26,0.0709,1765008485,82236,82175,0
1177,5,27,11,0.0323,1765008485,82176,82175,0
1178,10,78,3,0.0177,1765008485,82176,82175,0
1179,7,81,5,0.0199,1765008485,82177,82175,0
1180,8,80,6,0.0141,1765008485,82179,82175,0
1181,4,30,6,0.0217,1587282285,79560,79555,0
1182,9,74,8,0.0193,1587282285,79571,79555,0
1183,3,69,10,0.0132,1587282285,79560,79555,0
1184,2,35,9,0.0198,1587282285,79560,79555,0
1185,8,29,12,0.0599,1587282285,79580,79555,0
1186,5,32,8,0.0267,1587282285,79558,79555,0
1187,4,29,11,0.0158,1673570350,82464,82463,0
1187,4,29,11,0.0158,1587282285,77989,79555,1
1188,7,30,10,0.0231,1587282285,79558,79555,0
1189,3,69,6,0.0155,1587282285,79560,79555,0
1190,9,71,11,0.0362,1587282285,79578,79555,0
1191,2,77,8,0.0169,1587282285,79556,79555,0
1192,9,29,14,0.0131,1587282285,79558,79555,0
1193,4,71,9,0.0256,1587282285,79560,79555,0
1194,5,78,1,0.015,1587282285,79562,79555,0
1195,9,72,4,0.034,1587282285,79566,79555,0
1196,10,69,5,0.0251,1587282285,79564,79555,0
1197,3,76,8,0.0333,1587282285,79571,79555,0
1198,3,74,10,0.0142,1587282285,79555,79555,0
1199,3,26,7,0.0249,1587282285,79557,79555,0
1200,5,74,11,0.0154,1587282285,79569,79555,0
1201,1,76,9,0.0136,1587282285,79555,79555,0
1202,4,77,10,0.0199,1587282285,79567,79555,0
1203,7,78,6,0.024,1587282285,79556,79555,0
1204,8,82,4,0.0133,1587282285,79557,79555,0
1205,5,72,8,0.0241,1587282285,79560,79555,0
1206,4,77,8,0.0163,1587282285,79560,79555,0
1207,7,74,12,0.0414,1587282285,79573,79555,0
1208,6,80,7,0.018,1587282285,79561,79555,0
1209,6,33,4,0.0129,1587282285,79557,79555,0
1210,11,68,10,0.0177,1587282285,79559,79555,0
1211,6,70,13,0.0266,1587282285,79559,79555,0
1212,12,77,4,0.0247,1587282285,79556,79555,0
1213,8,74,8,0.0193,1587282285,79556,79555,0
1214,6,67,11,0.0266,1587282285,79570,79555,0
1215,8,75,9,0.0467,1587282285,79559,79555,0
1216,11,71,11,0.0283,1587282285,79560,79555,0
1217,4,78,11,0.0144,1587282285,79568,79555,0
1218,4,26,10,0.0244,1587282285,79557,79555,0
1219,10,25,7,0.02,1587282285,79556,79555,0
1220,9,78,11,0.013,1587282285,79556,79555,0
1221,5,69,10,0.0205,1587282285,79569,79555,0
1222,4,31,8,0.022,1587282285,79555,79555,0
1223,5,24,6,0.0284,1587282285,79557,79555,0
1224,8,76,5,0.0142,1673570350,80431,81014,1
1224,8,76,5,0.0142,1177142122,93353,158244,1
1224,8,76,5,0.0142,1587282285,79438,79555,1
1225,2,77,6,0.0115,1587282285,79558,79555,0
1226,5,30,8,0.0322,1587282285,79560,79555,0
1227,7,75,9,0.0133,1587282285,79555,79555,0
1228,8,76,6,0.0107,1587282285,79566,79555,0
1229,5,74,6,0.0199,1587282285,79559,79555,0
1230,3,74,13,0.0264,1587282285,79558,79555,0
1231,5,26,10,0.0148,1587282285,79559,79555,0
1232,3,72,13,0.0276,1587282285,79556,79555,0
1233,4,76,8,0.0184,1587282285,79562,79555,0
1234,7,33,10,0.017,1587282285,79561,79555,0
1235,6,30,7,0.0236,1673570350,77780,81557,1
1235,6,30,7,0.0236,1177142122,89594,158787,1
1235,6,30,7,0.0236,1587282285,78895,79555,1
1236,5,72,9,0.0585,1587282285,79598,79555,0
1237,5,82,7,0.0402,1587282285,79558,79555,0
1238,2,70,5,0.0234,1587282285,79562,79555,0
1239,6,75,8,0.0441,1587282285,79581,79555,0
1240,9,75,1,0.0304,1587282285,79556,79555,0
1241,9,29,6,0.0125,1587282285,79555,79555,0
1242,1,78,5,0.0344,1587282285,79566,79555,0
1243,1,73,13,0.0392,1587282285,79567,79555,0
1244,4,34,8,0.0129,1587282285,79557,79555,0
1245,5,74,5,0.0332,1587282285,79558,79555,0
1246,3,28,7,0.0255,1587282285,79555,79555,0
1247,10,74,5,0.0346,1587282285,79563,79555,0
1248,3,76,7,0.0303,1587282285,79559,79555,0
1249,8,76,3,0.0149,1587282285,79556,79555,0
1250,2,76,14,0.0143,1587282285,79566,79555,0
1251,9,72,7,0.0258,1587282285,79568,79555,0
1252,8,33,5,0.0182,1587282285,79560,79555,0
1253,2,71,3,0.0238,1587282285,79557,79555,0
1254,10,70,7,0.0239,1587282285,79580,79555,0
1255,5,31,7,0.032,1587282285,79559,79555,0
1256,4,25,10,0.0349,1587282285,79556,79555,0
1257,8,30,4,0.0257,1587282285,79562,79555,0
1258,8,77,4,0.0149,1587282285,79558,79555,0
1259,8,80,1,0.0173,1587282285,79560,79555,0
1260,3,80,5,0.0337,1587282285,79564,79555,0
1261,12,70,6,0.0233,1587282285,79572,79555,0
1262,2,69,3,0.0334,1587282285,79556,79555,0
1263,10,23,5,0.0147,1587282285,79562,79555,0
1264,7,67,8,0.0212,1587282285,79575,79555,0
1265,3,75,8,0.0147,1587282285,79567,79555,0
1266,1,74,7,0.0174,1587282285,79564,79555,0
1267,4,74,7,0.0235,1587282285,79562,79555,0
1268,6,73,2,0.0272,1587282285,79555,79555,0
1269,11,27,12,0.0194,1587282285,79563,79555,0
1270,6,67,9,0.0346,1587282285,79555,79555,0
1271,3,77,6,0.0132,1587282285,79555,79555,0
1272,6,71,4,0.0127,1587282285,79567,79555,0
1273,6,33,6,0.0121,1587282285,79556,79555,0
1274,7,80,9,0.011,1587282285,79558,79555,0
1275,4,31,9,0.0276,1587282285,79562,79555,0
1276,7,72,6,0.0339,1587282285,79577,79555,0
1277,4,28,8,0.0188,1587282285,79559,79555,0
1278,4,32,6,0.0197,1673570350,82082,82082,0
1278,4,32,6,0.0197,1587282285,78370,79555,1
1279,4,79,7,0.0369,1587282285,79569,79555,0
1280,7,82,5,0.0167,1587282285,79572,79555,0
1281,4,33,8,0.0279,1587282285,79556,79555,0
1282,4,78,5,0.0141,1587282285,79562,79555,0
1283,3,28,5,0.022,1587282285,79557,79555,0
1284,6,22,13,0.0189,1673570350,83756,83743,0
1284,6,22,13,0.0189,1587282285,76709,79555,1
1285,6,71,15,0.0147,1587282285,79562,79555,0
1286,3,72,7,0.024,1587282285,79559,79555,0
1287,12,77,10,0.0161,1587282285,79576,79555,0
1288,4,74,5,0.0201,1587282285,79555,79555,0
1289,2,73,11,0.0124,1587282285,79564,79555,0
1290,7,76,3,0.0284,1587282285,79565,79555,0
1291,3,30,7,0.0146,1587282285,79555,79555,0
1292,6,27,9,0.0343,1587282285,79566,79555,0
1293,3,75,6,0.0403,1587282285,79555,79555,0
1294,3,28,6,0.034,1587282285,79560,79555,0
1295,9,66,14,0.021,1587282285,79575,79555,0
1296,2,75,4,0.0112,1587282285,79555,79555,0
1297,7,75,12,0.0426,1587282285,79577,79555,0
1298,7,72,6,0.0163,1587282285,79557,79555,0
1299,8,78,8,0.0133,1587282285,79563,79555,0
1300,6,75,9,0.023,1587282285,79568,79555,0
1301,5,73,5,0.0378,1587282285,79568,79555,0
1302,5,78,8,0.0287,1587282285,79557,79555,0
1303,3,77,8,0.021,1587282285,79563,79555,0
1304,9,76,14,0.0184,1587282285,79566,79555,0
1305,10,77,7,0.0364,1587282285,79575,79555,0
1306,5,71,5,0.0355,1587282285,79568,79555,0
1307,9,78,6,0.0225,1587282285,79573,79555,0
1308,2,78,6,0.0201,1587282285,79560,79555,0
1309,2,26,16,0.0174,1587282285,79557,79555,0
1310,7,76,10,0.0159,1587282285,79566,79555,0
1311,2,74,8,0.0103,1587282285,79560,79555,0
1312,6,79,6,0.0325,1587282285,79570,79555,0
1313,2,75,9,0.0318,1587282285,79573,79555,0
1314,12,25,10,0.0247,1587282285,79569,79555,0
1315,4,76,2,0.0405,1587282285,79557,79555,0
1316,8,72,6,0.0153,1587282285,79559,79555,0
1317,4,78,10,0.0287,1587282285,79564,79555,0
1318,5,33,13,0.0516,1587282285,79579,79555,0
1319,10,80,9,0.0272,1587282285,79572,79555,0
1320,2,29,13,0.0293,1587282285,79562,79555,0
1321,7,26,9,0.0179,1587282285,79569,79555,0
1322,2,33,10,0.0301,1587282285,79561,79555,0
1323,8,75,10,0.025,1587282285,79567,79555,0
1324,5,30,5,0.0186,1587282285,79560,79555,0
1325,9,76,5,0.0437,1587282285,79572,79555,0
1326,3,77,7,0.0142,1587282285,79557,79555,0
1327,2,73,5,0.0118,1587282285,79556,79555,0
1328,2,75,4,0.0203,1587282285,79557,79555,0
1329,11,75,8,0.0244,1587282285,79566,79555,0
1330,5,79,11,0.0175,1587282285,79573,79555,0
1331,11,77,8,0.0202,1587282285,79576,79555,0
1332,3,74,5,0.0301,1587282285,79566,79555,0
1333,3,74,7,0.016,1587282285,79562,79555,0
1334,8,26,8,0.026,1587282285,79562,79555,0
1335,2,27,8,0.0128,1587282285,79555,79555,0
1336,2,72,11,0.0469,1587282285,79577,79555,0
1337,4,77,16,0.0178,1587282285,79573,79555,0
1338,6,77,6,0.0458,1587282285,79576,79555,0
1339,14,73,9,0.0269,1587282285,79563,79555,0
1340,5,78,1,0.0179,1587282285,79559,79555,0
1341,2,75,1,0.0149,1587282285,79558,79555,0
1342,2,74,2,0.012,1587282285,79556,79555,0
1343,9,79,7,0.0213,1587282285,79555,79555,0
1344,10,78,8,0.0396,1587282285,79561,79555,0
1345,5,76,5,0.0123,1587282285,79557,79555,0
1346,1,24,10,0.0134,1587282285,79557,79555,0
1347,3,38,11,0.011,1587282285,79561,79555,0
1348,4,76,4,0.0229,1587282285,79558,79555,0
1349,4,73,9,0.03,1587282285,79560,79555,0
1350,1,76,4,0.0233,1587282285,79556,79555,0
1351,2,28,8,0.0435,1587282285,79557,79555,0
1352,5,30,8,0.0264,1673570350,82637,86129,1
1352,5,30,8,0.0264,1177142122,89495,163359,1
1352,5,30,8,0.0264,1587282285,74323,79555,1
1353,5,23,7,0.0174,1587282285,79559,79555,0
1354,2,79,9,0.0152,1587282285,79567,79555,0
1355,5,76,3,0.0124,1587282285,79561,79555,0
1356,4,73,6,0.0125,1587282285,79560,79555,0
1357,7,70,10,0.0133,1587282285,79566,79555,0
1358,6,31,6,0.0321,1587282285,79555,79555,0
1359,2,23,4,0.025,1587282285,79557,79555,0
1360,2,73,8,0.0142,1587282285,79557,79555,0
1361,3,72,11,0.0322,1587282285,79560,79555,0
1362,3,73,6,0.0143,1587282285,79561,79555,0
1363,5,77,8,0.0123,1587282285,79559,79555,0
1364,9,80,10,0.0172,1587282285,79560,79555,0
1365,6,25,12,0.0423,1587282285,79561,79555,0
1366,5,30,6,0.0296,1587282285,79562,79555,0
1367,4,21,10,0.0441,1587282285,79555,79555,0
1368,7,75,3,0.0187,1587282285,79564,79555,0
1369,7,30,7,0.0157,1587282285,79562,79555,0
